FREQ,FREQ_LABEL,REF_AREA,REF_AREA_LABEL,INDICATOR,INDICATOR_LABEL,UNIT_MEASURE,UNIT_MEASURE_LABEL,AGG_METHOD,AGG_METHOD_LABEL,DATABASE_ID,DATABASE_ID_LABEL,UNIT_MULT,UNIT_MULT_LABEL,OBS_STATUS,OBS_STATUS_LABEL,OBS_CONF,OBS_CONF_LABEL,2000,2001,2002,2003,2004,2005,2006,2007,2008,2009,2010,2011,2012,2013,2014,2015,2016,2017,2018,2019,2020,2021,2022
A,Annual,AFG,Afghanistan,WIPO_ICT_PAT_PUB_TOT,WIPO - Number of ICT patent publications: all categories,PATN,Patents,MEAN,Mean,WIPO_ICT,Intellectual Property Statistics - Patent indicators,0,Units,A,Normal value,PU,Public,,,,,,,,10.0,,,,,,1.0,,,,,1.0,4.0,,,
A,Annual,AGO,Angola,WIPO_ICT_PAT_PUB_TOT,WIPO - Number of ICT patent publications: all categories,PATN,Patents,MEAN,Mean,WIPO_ICT,Intellectual Property Statistics - Patent indicators,0,Units,A,Normal value,PU,Public,,,,,,,,,,,,,,,,,,1.0,1.0,,,,
A,Annual,ALB,Albania,WIPO_ICT_PAT_PUB_TOT,WIPO - Number of ICT patent publications: all categories,PATN,Patents,MEAN,Mean,WIPO_ICT,Intellectual Property Statistics - Patent indicators,0,Units,A,Normal value,PU,Public,,,,,,,,,,,,,1.0,,,,,,,,,1.0,2.0
A,Annual,AND,Andorra,WIPO_ICT_PAT_PUB_TOT,WIPO - Number of ICT patent publications: all categories,PATN,Patents,MEAN,Mean,WIPO_ICT,Intellectual Property Statistics - Patent indicators,0,Units,A,Normal value,PU,Public,1.0,,,6.0,3.0,9.0,,3.0,7.0,2.0,1.0,1.0,,2.0,1.0,3.0,,1.0,6.0,2.0,5.0,3.0,
A,Annual,ANT,Netherlands Antilles,WIPO_ICT_PAT_PUB_TOT,WIPO - Number of ICT patent publications: all categories,PATN,Patents,MEAN,Mean,WIPO_ICT,Intellectual Property Statistics - Patent indicators,0,Units,A,Normal value,PU,Public,35.0,23.0,34.0,8.0,20.0,10.0,10.0,3.0,14.0,9.0,11.0,8.0,2.0,2.0,5.0,3.0,7.0,1.0,2.0,,3.0,3.0,
A,Annual,ARE,United Arab Emirates,WIPO_ICT_PAT_PUB_TOT,WIPO - Number of ICT patent publications: all categories,PATN,Patents,MEAN,Mean,WIPO_ICT,Intellectual Property Statistics - Patent indicators,0,Units,A,Normal value,PU,Public,2.0,6.0,6.0,6.0,9.0,16.0,25.0,25.0,20.0,34.0,21.0,25.0,26.0,43.0,45.0,81.0,124.0,105.0,79.0,103.0,104.0,103.0,89.0
A,Annual,ARG,Argentina,WIPO_ICT_PAT_PUB_TOT,WIPO - Number of ICT patent publications: all categories,PATN,Patents,MEAN,Mean,WIPO_ICT,Intellectual Property Statistics - Patent indicators,0,Units,A,Normal value,PU,Public,7.0,23.0,18.0,80.0,17.0,23.0,17.0,19.0,18.0,9.0,9.0,11.0,18.0,23.0,36.0,22.0,34.0,29.0,29.0,30.0,21.0,28.0,23.0
A,Annual,ARM,Armenia,WIPO_ICT_PAT_PUB_TOT,WIPO - Number of ICT patent publications: all categories,PATN,Patents,MEAN,Mean,WIPO_ICT,Intellectual Property Statistics - Patent indicators,0,Units,A,Normal value,PU,Public,,1.0,1.0,,3.0,1.0,1.0,3.0,1.0,1.0,,1.0,,1.0,3.0,4.0,1.0,,,,2.0,3.0,2.0
A,Annual,ATG,Antigua and Barbuda,WIPO_ICT_PAT_PUB_TOT,WIPO - Number of ICT patent publications: all categories,PATN,Patents,MEAN,Mean,WIPO_ICT,Intellectual Property Statistics - Patent indicators,0,Units,A,Normal value,PU,Public,,,4.0,4.0,1.0,,,1.0,,2.0,1.0,1.0,,1.0,,2.0,2.0,65.0,253.0,388.0,541.0,363.0,332.0
A,Annual,AUS,Australia,WIPO_ICT_PAT_PUB_TOT,WIPO - Number of ICT patent publications: all categories,PATN,Patents,MEAN,Mean,WIPO_ICT,Intellectual Property Statistics - Patent indicators,0,Units,A,Normal value,PU,Public,569.0,869.0,1171.0,1240.0,1448.0,1539.0,1340.0,1576.0,1680.0,1500.0,1304.0,1218.0,1257.0,1249.0,1330.0,1336.0,1451.0,1491.0,1432.0,1318.0,1325.0,1351.0,1270.0
A,Annual,AUT,Austria,WIPO_ICT_PAT_PUB_TOT,WIPO - Number of ICT patent publications: all categories,PATN,Patents,MEAN,Mean,WIPO_ICT,Intellectual Property Statistics - Patent indicators,0,Units,A,Normal value,PU,Public,180.0,216.0,261.0,253.0,261.0,325.0,326.0,363.0,440.0,442.0,408.0,480.0,481.0,482.0,507.0,593.0,625.0,651.0,621.0,670.0,593.0,620.0,665.0
A,Annual,AZE,Azerbaijan,WIPO_ICT_PAT_PUB_TOT,WIPO - Number of ICT patent publications: all categories,PATN,Patents,MEAN,Mean,WIPO_ICT,Intellectual Property Statistics - Patent indicators,0,Units,A,Normal value,PU,Public,,,,1.0,,,1.0,2.0,,,1.0,,2.0,3.0,10.0,,1.0,1.0,3.0,3.0,2.0,,
A,Annual,BEL,Belgium,WIPO_ICT_PAT_PUB_TOT,WIPO - Number of ICT patent publications: all categories,PATN,Patents,MEAN,Mean,WIPO_ICT,Intellectual Property Statistics - Patent indicators,0,Units,A,Normal value,PU,Public,227.0,264.0,290.0,316.0,370.0,398.0,314.0,343.0,370.0,359.0,389.0,371.0,413.0,493.0,477.0,536.0,662.0,687.0,657.0,629.0,732.0,721.0,698.0
A,Annual,BEN,Benin,WIPO_ICT_PAT_PUB_TOT,WIPO - Number of ICT patent publications: all categories,PATN,Patents,MEAN,Mean,WIPO_ICT,Intellectual Property Statistics - Patent indicators,0,Units,A,Normal value,PU,Public,,,,,,,3.0,,,1.0,,,,,,,,,,,,1.0,
A,Annual,BGD,Bangladesh,WIPO_ICT_PAT_PUB_TOT,WIPO - Number of ICT patent publications: all categories,PATN,Patents,MEAN,Mean,WIPO_ICT,Intellectual Property Statistics - Patent indicators,0,Units,A,Normal value,PU,Public,,,,,,,,,,,,,,,4.0,1.0,,2.0,,3.0,3.0,1.0,3.0
A,Annual,BGR,Bulgaria,WIPO_ICT_PAT_PUB_TOT,WIPO - Number of ICT patent publications: all categories,PATN,Patents,MEAN,Mean,WIPO_ICT,Intellectual Property Statistics - Patent indicators,0,Units,A,Normal value,PU,Public,12.0,19.0,16.0,23.0,11.0,52.0,35.0,34.0,25.0,36.0,40.0,37.0,31.0,32.0,67.0,54.0,59.0,29.0,29.0,31.0,20.0,25.0,16.0
A,Annual,BHR,Bahrain,WIPO_ICT_PAT_PUB_TOT,WIPO - Number of ICT patent publications: all categories,PATN,Patents,MEAN,Mean,WIPO_ICT,Intellectual Property Statistics - Patent indicators,0,Units,A,Normal value,PU,Public,1.0,2.0,1.0,,,,,2.0,,,2.0,,,3.0,,,,4.0,6.0,,1.0,2.0,
A,Annual,BHS,"Bahamas, The",WIPO_ICT_PAT_PUB_TOT,WIPO - Number of ICT patent publications: all categories,PATN,Patents,MEAN,Mean,WIPO_ICT,Intellectual Property Statistics - Patent indicators,0,Units,A,Normal value,PU,Public,4.0,8.0,22.0,31.0,35.0,40.0,63.0,60.0,53.0,30.0,19.0,13.0,9.0,17.0,17.0,19.0,16.0,6.0,7.0,3.0,3.0,14.0,16.0
A,Annual,BIH,Bosnia and Herzegovina,WIPO_ICT_PAT_PUB_TOT,WIPO - Number of ICT patent publications: all categories,PATN,Patents,MEAN,Mean,WIPO_ICT,Intellectual Property Statistics - Patent indicators,0,Units,A,Normal value,PU,Public,,,,1.0,1.0,1.0,1.0,2.0,,1.0,,,,,1.0,2.0,,3.0,,,1.0,,7.0
A,Annual,BLR,Belarus,WIPO_ICT_PAT_PUB_TOT,WIPO - Number of ICT patent publications: all categories,PATN,Patents,MEAN,Mean,WIPO_ICT,Intellectual Property Statistics - Patent indicators,0,Units,A,Normal value,PU,Public,7.0,8.0,16.0,8.0,11.0,5.0,5.0,8.0,3.0,7.0,13.0,8.0,5.0,5.0,8.0,4.0,15.0,10.0,9.0,10.0,9.0,10.0,10.0
A,Annual,BLZ,Belize,WIPO_ICT_PAT_PUB_TOT,WIPO - Number of ICT patent publications: all categories,PATN,Patents,MEAN,Mean,WIPO_ICT,Intellectual Property Statistics - Patent indicators,0,Units,A,Normal value,PU,Public,,,2.0,,1.0,4.0,6.0,5.0,1.0,6.0,1.0,,4.0,1.0,2.0,8.0,6.0,7.0,2.0,6.0,11.0,7.0,1.0
A,Annual,BOL,Bolivia,WIPO_ICT_PAT_PUB_TOT,WIPO - Number of ICT patent publications: all categories,PATN,Patents,MEAN,Mean,WIPO_ICT,Intellectual Property Statistics - Patent indicators,0,Units,A,Normal value,PU,Public,,,,,,1.0,1.0,,1.0,,1.0,,,,,,,,,,,,
A,Annual,BRA,Brazil,WIPO_ICT_PAT_PUB_TOT,WIPO - Number of ICT patent publications: all categories,PATN,Patents,MEAN,Mean,WIPO_ICT,Intellectual Property Statistics - Patent indicators,0,Units,A,Normal value,PU,Public,256.0,274.0,227.0,227.0,294.0,318.0,301.0,325.0,370.0,316.0,371.0,341.0,231.0,485.0,409.0,553.0,466.0,433.0,513.0,409.0,405.0,391.0,381.0
A,Annual,BRB,Barbados,WIPO_ICT_PAT_PUB_TOT,WIPO - Number of ICT patent publications: all categories,PATN,Patents,MEAN,Mean,WIPO_ICT,Intellectual Property Statistics - Patent indicators,0,Units,A,Normal value,PU,Public,34.0,73.0,77.0,80.0,75.0,93.0,199.0,214.0,346.0,296.0,266.0,315.0,432.0,536.0,638.0,411.0,306.0,265.0,173.0,269.0,331.0,203.0,332.0
A,Annual,BRN,Brunei Darussalam,WIPO_ICT_PAT_PUB_TOT,WIPO - Number of ICT patent publications: all categories,PATN,Patents,MEAN,Mean,WIPO_ICT,Intellectual Property Statistics - Patent indicators,0,Units,A,Normal value,PU,Public,2.0,,,,,1.0,1.0,1.0,3.0,1.0,1.0,1.0,,3.0,2.0,3.0,4.0,6.0,3.0,2.0,1.0,,
A,Annual,BTN,Bhutan,WIPO_ICT_PAT_PUB_TOT,WIPO - Number of ICT patent publications: all categories,PATN,Patents,MEAN,Mean,WIPO_ICT,Intellectual Property Statistics - Patent indicators,0,Units,A,Normal value,PU,Public,,,,,,,,,,,,,1.0,,,1.0,,,,1.0,,,
A,Annual,BWA,Botswana,WIPO_ICT_PAT_PUB_TOT,WIPO - Number of ICT patent publications: all categories,PATN,Patents,MEAN,Mean,WIPO_ICT,Intellectual Property Statistics - Patent indicators,0,Units,A,Normal value,PU,Public,,,,1.0,,2.0,,,5.0,2.0,,,1.0,,,,,,,,1.0,,
A,Annual,CAF,Central African Republic,WIPO_ICT_PAT_PUB_TOT,WIPO - Number of ICT patent publications: all categories,PATN,Patents,MEAN,Mean,WIPO_ICT,Intellectual Property Statistics - Patent indicators,0,Units,A,Normal value,PU,Public,1.0,,,,,,,,,,,,,,,,,,,,,,
A,Annual,CAN,Canada,WIPO_ICT_PAT_PUB_TOT,WIPO - Number of ICT patent publications: all categories,PATN,Patents,MEAN,Mean,WIPO_ICT,Intellectual Property Statistics - Patent indicators,0,Units,A,Normal value,PU,Public,2312.0,3035.0,3903.0,3968.0,4120.0,4507.0,5047.0,5695.0,6144.0,5662.0,5882.0,6788.0,7278.0,7357.0,6011.0,4695.0,4478.0,3898.0,3636.0,4007.0,4318.0,4423.0,4422.0
A,Annual,CHE,Switzerland,WIPO_ICT_PAT_PUB_TOT,WIPO - Number of ICT patent publications: all categories,PATN,Patents,MEAN,Mean,WIPO_ICT,Intellectual Property Statistics - Patent indicators,0,Units,A,Normal value,PU,Public,680.0,1049.0,1322.0,1432.0,1432.0,1454.0,1608.0,1760.0,1669.0,1735.0,1941.0,1815.0,1950.0,1923.0,2144.0,2062.0,2340.0,2279.0,2097.0,2080.0,2439.0,2581.0,2863.0
A,Annual,CHL,Chile,WIPO_ICT_PAT_PUB_TOT,WIPO - Number of ICT patent publications: all categories,PATN,Patents,MEAN,Mean,WIPO_ICT,Intellectual Property Statistics - Patent indicators,0,Units,A,Normal value,PU,Public,1.0,2.0,7.0,5.0,5.0,3.0,6.0,17.0,23.0,20.0,18.0,12.0,18.0,22.0,22.0,38.0,40.0,35.0,53.0,29.0,31.0,34.0,49.0
A,Annual,CHN,China,WIPO_ICT_PAT_PUB_TOT,WIPO - Number of ICT patent publications: all categories,PATN,Patents,MEAN,Mean,WIPO_ICT,Intellectual Property Statistics - Patent indicators,0,Units,A,Normal value,PU,Public,1510.0,2327.0,3601.0,6323.0,9080.0,14133.0,21667.0,29674.0,38636.0,41195.0,48716.0,57685.0,77396.0,92830.0,115662.0,140157.0,170578.0,228174.0,261156.0,322057.0,361716.0,423678.0,465393.0
A,Annual,CIV,Cote d'Ivoire,WIPO_ICT_PAT_PUB_TOT,WIPO - Number of ICT patent publications: all categories,PATN,Patents,MEAN,Mean,WIPO_ICT,Intellectual Property Statistics - Patent indicators,0,Units,A,Normal value,PU,Public,,,,,,,,,1.0,,,,,1.0,,,1.0,2.0,,2.0,2.0,1.0,
A,Annual,CMR,Cameroon,WIPO_ICT_PAT_PUB_TOT,WIPO - Number of ICT patent publications: all categories,PATN,Patents,MEAN,Mean,WIPO_ICT,Intellectual Property Statistics - Patent indicators,0,Units,A,Normal value,PU,Public,,1.0,,,,,,,,1.0,5.0,,,,,1.0,,1.0,2.0,3.0,1.0,,
A,Annual,COD,"Congo, Dem. Rep.",WIPO_ICT_PAT_PUB_TOT,WIPO - Number of ICT patent publications: all categories,PATN,Patents,MEAN,Mean,WIPO_ICT,Intellectual Property Statistics - Patent indicators,0,Units,A,Normal value,PU,Public,,,,,,,,,,,1.0,,,,,,,,,,,4.0,2.0
A,Annual,COG,"Congo, Rep.",WIPO_ICT_PAT_PUB_TOT,WIPO - Number of ICT patent publications: all categories,PATN,Patents,MEAN,Mean,WIPO_ICT,Intellectual Property Statistics - Patent indicators,0,Units,A,Normal value,PU,Public,,,,,,,,,,,1.0,,,,,,,1.0,,,,,
A,Annual,COK,Cook Islands,WIPO_ICT_PAT_PUB_TOT,WIPO - Number of ICT patent publications: all categories,PATN,Patents,MEAN,Mean,WIPO_ICT,Intellectual Property Statistics - Patent indicators,0,Units,A,Normal value,PU,Public,,,1.0,,1.0,,,,,,,,,,,,,,,,,2.0,
A,Annual,COL,Colombia,WIPO_ICT_PAT_PUB_TOT,WIPO - Number of ICT patent publications: all categories,PATN,Patents,MEAN,Mean,WIPO_ICT,Intellectual Property Statistics - Patent indicators,0,Units,A,Normal value,PU,Public,1.0,2.0,9.0,6.0,10.0,11.0,5.0,4.0,5.0,11.0,6.0,8.0,14.0,12.0,18.0,18.0,17.0,28.0,69.0,42.0,48.0,47.0,90.0
A,Annual,CPV,Cabo Verde,WIPO_ICT_PAT_PUB_TOT,WIPO - Number of ICT patent publications: all categories,PATN,Patents,MEAN,Mean,WIPO_ICT,Intellectual Property Statistics - Patent indicators,0,Units,A,Normal value,PU,Public,,1.0,1.0,,,,,,,,,,,,,,,,,,,,
A,Annual,CRI,Costa Rica,WIPO_ICT_PAT_PUB_TOT,WIPO - Number of ICT patent publications: all categories,PATN,Patents,MEAN,Mean,WIPO_ICT,Intellectual Property Statistics - Patent indicators,0,Units,A,Normal value,PU,Public,,,1.0,1.0,1.0,4.0,1.0,4.0,6.0,2.0,5.0,6.0,4.0,7.0,3.0,8.0,8.0,6.0,5.0,2.0,1.0,3.0,5.0
A,Annual,CUB,Cuba,WIPO_ICT_PAT_PUB_TOT,WIPO - Number of ICT patent publications: all categories,PATN,Patents,MEAN,Mean,WIPO_ICT,Intellectual Property Statistics - Patent indicators,0,Units,A,Normal value,PU,Public,,,,,,,1.0,2.0,1.0,,,,1.0,,,1.0,,,,,,2.0,3.0
A,Annual,CUW,Curacao,WIPO_ICT_PAT_PUB_TOT,WIPO - Number of ICT patent publications: all categories,PATN,Patents,MEAN,Mean,WIPO_ICT,Intellectual Property Statistics - Patent indicators,0,Units,A,Normal value,PU,Public,,,,,,,,,,,,,2.0,3.0,,2.0,5.0,9.0,3.0,10.0,10.0,4.0,8.0
A,Annual,CYP,Cyprus,WIPO_ICT_PAT_PUB_TOT,WIPO - Number of ICT patent publications: all categories,PATN,Patents,MEAN,Mean,WIPO_ICT,Intellectual Property Statistics - Patent indicators,0,Units,A,Normal value,PU,Public,16.0,24.0,26.0,43.0,52.0,26.0,32.0,53.0,35.0,50.0,53.0,66.0,76.0,51.0,100.0,78.0,105.0,135.0,150.0,142.0,131.0,151.0,143.0
A,Annual,CZE,Czechia,WIPO_ICT_PAT_PUB_TOT,WIPO - Number of ICT patent publications: all categories,PATN,Patents,MEAN,Mean,WIPO_ICT,Intellectual Property Statistics - Patent indicators,0,Units,A,Normal value,PU,Public,31.0,22.0,40.0,31.0,51.0,46.0,57.0,50.0,56.0,82.0,90.0,55.0,67.0,82.0,91.0,92.0,85.0,85.0,101.0,109.0,85.0,106.0,73.0
A,Annual,DEU,Germany,WIPO_ICT_PAT_PUB_TOT,WIPO - Number of ICT patent publications: all categories,PATN,Patents,MEAN,Mean,WIPO_ICT,Intellectual Property Statistics - Patent indicators,0,Units,A,Normal value,PU,Public,8477.0,10539.0,12096.0,11946.0,12648.0,13433.0,13174.0,13091.0,11972.0,11088.0,9951.0,9268.0,9934.0,10492.0,10737.0,10477.0,10984.0,11038.0,11834.0,12224.0,13528.0,13727.0,13332.0
A,Annual,DJI,Djibouti,WIPO_ICT_PAT_PUB_TOT,WIPO - Number of ICT patent publications: all categories,PATN,Patents,MEAN,Mean,WIPO_ICT,Intellectual Property Statistics - Patent indicators,0,Units,A,Normal value,PU,Public,,,,,,,,,,,,,1.0,,,1.0,,,,,,,
A,Annual,DMA,Dominica,WIPO_ICT_PAT_PUB_TOT,WIPO - Number of ICT patent publications: all categories,PATN,Patents,MEAN,Mean,WIPO_ICT,Intellectual Property Statistics - Patent indicators,0,Units,A,Normal value,PU,Public,,,,,1.0,2.0,,1.0,,,,,2.0,,,,,,,,,,
A,Annual,DNK,Denmark,WIPO_ICT_PAT_PUB_TOT,WIPO - Number of ICT patent publications: all categories,PATN,Patents,MEAN,Mean,WIPO_ICT,Intellectual Property Statistics - Patent indicators,0,Units,A,Normal value,PU,Public,228.0,281.0,374.0,334.0,405.0,391.0,445.0,515.0,547.0,524.0,526.0,581.0,549.0,618.0,633.0,675.0,603.0,694.0,650.0,638.0,644.0,681.0,981.0
A,Annual,DOM,Dominican Republic,WIPO_ICT_PAT_PUB_TOT,WIPO - Number of ICT patent publications: all categories,PATN,Patents,MEAN,Mean,WIPO_ICT,Intellectual Property Statistics - Patent indicators,0,Units,A,Normal value,PU,Public,,,,,2.0,3.0,,,,4.0,7.0,2.0,3.0,4.0,2.0,8.0,1.0,3.0,2.0,2.0,1.0,2.0,2.0
A,Annual,DZA,Algeria,WIPO_ICT_PAT_PUB_TOT,WIPO - Number of ICT patent publications: all categories,PATN,Patents,MEAN,Mean,WIPO_ICT,Intellectual Property Statistics - Patent indicators,0,Units,A,Normal value,PU,Public,,,,,1.0,,,,3.0,,7.0,,,1.0,,,,,1.0,,3.0,3.0,1.0
A,Annual,ECU,Ecuador,WIPO_ICT_PAT_PUB_TOT,WIPO - Number of ICT patent publications: all categories,PATN,Patents,MEAN,Mean,WIPO_ICT,Intellectual Property Statistics - Patent indicators,0,Units,A,Normal value,PU,Public,1.0,2.0,1.0,,,6.0,1.0,1.0,1.0,1.0,3.0,8.0,8.0,4.0,4.0,5.0,,1.0,3.0,3.0,6.0,2.0,4.0
A,Annual,EGY,"Egypt, Arab Rep.",WIPO_ICT_PAT_PUB_TOT,WIPO - Number of ICT patent publications: all categories,PATN,Patents,MEAN,Mean,WIPO_ICT,Intellectual Property Statistics - Patent indicators,0,Units,A,Normal value,PU,Public,2.0,1.0,8.0,6.0,6.0,13.0,14.0,11.0,13.0,12.0,10.0,17.0,30.0,13.0,9.0,14.0,11.0,11.0,7.0,5.0,12.0,7.0,13.0
A,Annual,ERI,Eritrea,WIPO_ICT_PAT_PUB_TOT,WIPO - Number of ICT patent publications: all categories,PATN,Patents,MEAN,Mean,WIPO_ICT,Intellectual Property Statistics - Patent indicators,0,Units,A,Normal value,PU,Public,,,,,,,,,,,,,,1.0,,,,,,,,,
A,Annual,ESP,Spain,WIPO_ICT_PAT_PUB_TOT,WIPO - Number of ICT patent publications: all categories,PATN,Patents,MEAN,Mean,WIPO_ICT,Intellectual Property Statistics - Patent indicators,0,Units,A,Normal value,PU,Public,268.0,289.0,356.0,344.0,442.0,441.0,441.0,397.0,459.0,554.0,599.0,727.0,827.0,856.0,750.0,692.0,652.0,599.0,504.0,562.0,503.0,534.0,567.0
A,Annual,EST,Estonia,WIPO_ICT_PAT_PUB_TOT,WIPO - Number of ICT patent publications: all categories,PATN,Patents,MEAN,Mean,WIPO_ICT,Intellectual Property Statistics - Patent indicators,0,Units,A,Normal value,PU,Public,3.0,3.0,3.0,1.0,7.0,12.0,6.0,11.0,9.0,10.0,15.0,21.0,15.0,40.0,29.0,35.0,40.0,48.0,53.0,45.0,50.0,55.0,51.0
A,Annual,ETH,Ethiopia,WIPO_ICT_PAT_PUB_TOT,WIPO - Number of ICT patent publications: all categories,PATN,Patents,MEAN,Mean,WIPO_ICT,Intellectual Property Statistics - Patent indicators,0,Units,A,Normal value,PU,Public,,,,,,,,,,,,1.0,,,,,,,,,2.0,3.0,11.0
A,Annual,FIN,Finland,WIPO_ICT_PAT_PUB_TOT,WIPO - Number of ICT patent publications: all categories,PATN,Patents,MEAN,Mean,WIPO_ICT,Intellectual Property Statistics - Patent indicators,0,Units,A,Normal value,PU,Public,3070.0,3794.0,4271.0,4060.0,4545.0,4946.0,5058.0,5480.0,5610.0,4921.0,4492.0,4173.0,4289.0,4690.0,4373.0,4200.0,3520.0,3009.0,3042.0,3242.0,3495.0,3981.0,4231.0
A,Annual,FRA,France,WIPO_ICT_PAT_PUB_TOT,WIPO - Number of ICT patent publications: all categories,PATN,Patents,MEAN,Mean,WIPO_ICT,Intellectual Property Statistics - Patent indicators,0,Units,A,Normal value,PU,Public,5178.0,6445.0,7201.0,7184.0,8046.0,8876.0,8816.0,9584.0,8840.0,9659.0,9639.0,9005.0,9740.0,10327.0,10106.0,10393.0,9817.0,8622.0,7629.0,6747.0,6661.0,6192.0,6382.0
A,Annual,GAB,Gabon,WIPO_ICT_PAT_PUB_TOT,WIPO - Number of ICT patent publications: all categories,PATN,Patents,MEAN,Mean,WIPO_ICT,Intellectual Property Statistics - Patent indicators,0,Units,A,Normal value,PU,Public,,,,,,,,,,,1.0,,1.0,4.0,,,2.0,,2.0,3.0,2.0,,
A,Annual,GBR,United Kingdom,WIPO_ICT_PAT_PUB_TOT,WIPO - Number of ICT patent publications: all categories,PATN,Patents,MEAN,Mean,WIPO_ICT,Intellectual Property Statistics - Patent indicators,0,Units,A,Normal value,PU,Public,4266.0,5056.0,5579.0,5359.0,5554.0,5112.0,4629.0,4938.0,5275.0,4742.0,4730.0,4280.0,4442.0,4364.0,5128.0,5208.0,5449.0,5492.0,5625.0,5911.0,6007.0,5977.0,5286.0
A,Annual,GEO,Georgia,WIPO_ICT_PAT_PUB_TOT,WIPO - Number of ICT patent publications: all categories,PATN,Patents,MEAN,Mean,WIPO_ICT,Intellectual Property Statistics - Patent indicators,0,Units,A,Normal value,PU,Public,3.0,5.0,5.0,6.0,3.0,3.0,1.0,6.0,2.0,2.0,7.0,4.0,5.0,2.0,2.0,2.0,2.0,2.0,4.0,,3.0,,8.0
A,Annual,GHA,Ghana,WIPO_ICT_PAT_PUB_TOT,WIPO - Number of ICT patent publications: all categories,PATN,Patents,MEAN,Mean,WIPO_ICT,Intellectual Property Statistics - Patent indicators,0,Units,A,Normal value,PU,Public,,,,,,,,,,2.0,1.0,,,,,,1.0,2.0,,1.0,,,1.0
A,Annual,GIN,Guinea,WIPO_ICT_PAT_PUB_TOT,WIPO - Number of ICT patent publications: all categories,PATN,Patents,MEAN,Mean,WIPO_ICT,Intellectual Property Statistics - Patent indicators,0,Units,A,Normal value,PU,Public,,,,,,,,,,,1.0,,,,,,,,,,,,
A,Annual,GRC,Greece,WIPO_ICT_PAT_PUB_TOT,WIPO - Number of ICT patent publications: all categories,PATN,Patents,MEAN,Mean,WIPO_ICT,Intellectual Property Statistics - Patent indicators,0,Units,A,Normal value,PU,Public,32.0,44.0,46.0,42.0,62.0,63.0,66.0,50.0,50.0,67.0,70.0,79.0,54.0,47.0,59.0,76.0,52.0,47.0,63.0,36.0,38.0,64.0,46.0
A,Annual,GRD,Grenada,WIPO_ICT_PAT_PUB_TOT,WIPO - Number of ICT patent publications: all categories,PATN,Patents,MEAN,Mean,WIPO_ICT,Intellectual Property Statistics - Patent indicators,0,Units,A,Normal value,PU,Public,,,,,,,,,,,,,,,2.0,,,,,,,,1.0
A,Annual,GTM,Guatemala,WIPO_ICT_PAT_PUB_TOT,WIPO - Number of ICT patent publications: all categories,PATN,Patents,MEAN,Mean,WIPO_ICT,Intellectual Property Statistics - Patent indicators,0,Units,A,Normal value,PU,Public,1.0,2.0,1.0,,,,,,1.0,1.0,,1.0,,,,,2.0,17.0,3.0,1.0,,,1.0
A,Annual,GUY,Guyana,WIPO_ICT_PAT_PUB_TOT,WIPO - Number of ICT patent publications: all categories,PATN,Patents,MEAN,Mean,WIPO_ICT,Intellectual Property Statistics - Patent indicators,0,Units,A,Normal value,PU,Public,,,,,,,,,,,,,,,,,,,,1.0,,,
A,Annual,HKG,"Hong Kong SAR, China",WIPO_ICT_PAT_PUB_TOT,WIPO - Number of ICT patent publications: all categories,PATN,Patents,MEAN,Mean,WIPO_ICT,Intellectual Property Statistics - Patent indicators,0,Units,A,Normal value,PU,Public,151.0,213.0,346.0,273.0,398.0,320.0,325.0,415.0,349.0,436.0,505.0,569.0,494.0,569.0,578.0,707.0,746.0,815.0,1115.0,1208.0,923.0,679.0,705.0
A,Annual,HND,Honduras,WIPO_ICT_PAT_PUB_TOT,WIPO - Number of ICT patent publications: all categories,PATN,Patents,MEAN,Mean,WIPO_ICT,Intellectual Property Statistics - Patent indicators,0,Units,A,Normal value,PU,Public,,,,,,,,,,5.0,,,,,,,2.0,,,,,,
A,Annual,HRV,Croatia,WIPO_ICT_PAT_PUB_TOT,WIPO - Number of ICT patent publications: all categories,PATN,Patents,MEAN,Mean,WIPO_ICT,Intellectual Property Statistics - Patent indicators,0,Units,A,Normal value,PU,Public,7.0,37.0,24.0,18.0,16.0,23.0,24.0,30.0,29.0,29.0,17.0,18.0,15.0,14.0,20.0,22.0,15.0,17.0,10.0,14.0,13.0,16.0,16.0
A,Annual,HTI,Haiti,WIPO_ICT_PAT_PUB_TOT,WIPO - Number of ICT patent publications: all categories,PATN,Patents,MEAN,Mean,WIPO_ICT,Intellectual Property Statistics - Patent indicators,0,Units,A,Normal value,PU,Public,,1.0,,,,,,,,,,,,,,,,,,1.0,,,1.0
A,Annual,HUN,Hungary,WIPO_ICT_PAT_PUB_TOT,WIPO - Number of ICT patent publications: all categories,PATN,Patents,MEAN,Mean,WIPO_ICT,Intellectual Property Statistics - Patent indicators,0,Units,A,Normal value,PU,Public,82.0,87.0,97.0,73.0,81.0,71.0,77.0,82.0,72.0,80.0,72.0,46.0,40.0,77.0,94.0,105.0,81.0,75.0,66.0,73.0,69.0,70.0,60.0
A,Annual,IDN,Indonesia,WIPO_ICT_PAT_PUB_TOT,WIPO - Number of ICT patent publications: all categories,PATN,Patents,MEAN,Mean,WIPO_ICT,Intellectual Property Statistics - Patent indicators,0,Units,A,Normal value,PU,Public,25.0,45.0,2.0,3.0,,4.0,2.0,6.0,2.0,2.0,8.0,4.0,3.0,2.0,12.0,17.0,7.0,2.0,6.0,1.0,2.0,6.0,7.0
A,Annual,IND,India,WIPO_ICT_PAT_PUB_TOT,WIPO - Number of ICT patent publications: all categories,PATN,Patents,MEAN,Mean,WIPO_ICT,Intellectual Property Statistics - Patent indicators,0,Units,A,Normal value,PU,Public,9.0,29.0,68.0,128.0,196.0,402.0,383.0,620.0,868.0,1078.0,1100.0,1202.0,1920.0,2342.0,2125.0,2831.0,3500.0,3132.0,3232.0,4265.0,5190.0,6230.0,9892.0
A,Annual,IRL,Ireland,WIPO_ICT_PAT_PUB_TOT,WIPO - Number of ICT patent publications: all categories,PATN,Patents,MEAN,Mean,WIPO_ICT,Intellectual Property Statistics - Patent indicators,0,Units,A,Normal value,PU,Public,174.0,317.0,392.0,384.0,339.0,329.0,368.0,501.0,643.0,752.0,809.0,985.0,1064.0,965.0,865.0,761.0,1070.0,1218.0,1205.0,1286.0,1259.0,1067.0,947.0
A,Annual,IRN,"Iran, Islamic Rep.",WIPO_ICT_PAT_PUB_TOT,WIPO - Number of ICT patent publications: all categories,PATN,Patents,MEAN,Mean,WIPO_ICT,Intellectual Property Statistics - Patent indicators,0,Units,A,Normal value,PU,Public,,1.0,7.0,9.0,2.0,,6.0,4.0,1.0,3.0,2.0,11.0,6.0,8.0,6.0,4.0,9.0,10.0,21.0,27.0,26.0,47.0,43.0
A,Annual,IRQ,Iraq,WIPO_ICT_PAT_PUB_TOT,WIPO - Number of ICT patent publications: all categories,PATN,Patents,MEAN,Mean,WIPO_ICT,Intellectual Property Statistics - Patent indicators,0,Units,A,Normal value,PU,Public,,,,,,,,,,,,,,,,,1.0,,,,1.0,4.0,5.0
A,Annual,ISL,Iceland,WIPO_ICT_PAT_PUB_TOT,WIPO - Number of ICT patent publications: all categories,PATN,Patents,MEAN,Mean,WIPO_ICT,Intellectual Property Statistics - Patent indicators,0,Units,A,Normal value,PU,Public,3.0,16.0,20.0,20.0,15.0,22.0,17.0,19.0,20.0,25.0,23.0,12.0,11.0,14.0,15.0,16.0,21.0,18.0,10.0,10.0,7.0,9.0,12.0
A,Annual,ISR,Israel,WIPO_ICT_PAT_PUB_TOT,WIPO - Number of ICT patent publications: all categories,PATN,Patents,MEAN,Mean,WIPO_ICT,Intellectual Property Statistics - Patent indicators,0,Units,A,Normal value,PU,Public,810.0,1550.0,1813.0,1537.0,1502.0,1512.0,1494.0,1759.0,2210.0,2132.0,1986.0,1920.0,1768.0,1904.0,2194.0,2367.0,2370.0,2388.0,2286.0,2364.0,2605.0,2600.0,2853.0
A,Annual,ITA,Italy,WIPO_ICT_PAT_PUB_TOT,WIPO - Number of ICT patent publications: all categories,PATN,Patents,MEAN,Mean,WIPO_ICT,Intellectual Property Statistics - Patent indicators,0,Units,A,Normal value,PU,Public,886.0,848.0,953.0,856.0,1198.0,1025.0,962.0,1080.0,1066.0,946.0,951.0,855.0,727.0,809.0,826.0,837.0,829.0,1253.0,1255.0,1138.0,1121.0,1256.0,1319.0
A,Annual,JAM,Jamaica,WIPO_ICT_PAT_PUB_TOT,WIPO - Number of ICT patent publications: all categories,PATN,Patents,MEAN,Mean,WIPO_ICT,Intellectual Property Statistics - Patent indicators,0,Units,A,Normal value,PU,Public,,,,3.0,2.0,1.0,,,,,,,1.0,,1.0,2.0,,,,1.0,,1.0,
A,Annual,JOR,Jordan,WIPO_ICT_PAT_PUB_TOT,WIPO - Number of ICT patent publications: all categories,PATN,Patents,MEAN,Mean,WIPO_ICT,Intellectual Property Statistics - Patent indicators,0,Units,A,Normal value,PU,Public,,,3.0,1.0,,1.0,,,2.0,1.0,4.0,9.0,2.0,9.0,2.0,12.0,5.0,4.0,5.0,3.0,3.0,7.0,3.0
A,Annual,JPN,Japan,WIPO_ICT_PAT_PUB_TOT,WIPO - Number of ICT patent publications: all categories,PATN,Patents,MEAN,Mean,WIPO_ICT,Intellectual Property Statistics - Patent indicators,0,Units,A,Normal value,PU,Public,84221.0,98577.0,117761.0,106876.0,111515.0,113238.0,120183.0,114346.0,110033.0,107299.0,100746.0,92484.0,94099.0,90270.0,83738.0,81187.0,76065.0,80094.0,73857.0,78648.0,78118.0,78663.0,72425.0
A,Annual,KAZ,Kazakhstan,WIPO_ICT_PAT_PUB_TOT,WIPO - Number of ICT patent publications: all categories,PATN,Patents,MEAN,Mean,WIPO_ICT,Intellectual Property Statistics - Patent indicators,0,Units,A,Normal value,PU,Public,,1.0,2.0,,3.0,1.0,6.0,7.0,1.0,2.0,5.0,9.0,8.0,8.0,2.0,2.0,1.0,3.0,5.0,7.0,8.0,,1.0
A,Annual,KEN,Kenya,WIPO_ICT_PAT_PUB_TOT,WIPO - Number of ICT patent publications: all categories,PATN,Patents,MEAN,Mean,WIPO_ICT,Intellectual Property Statistics - Patent indicators,0,Units,A,Normal value,PU,Public,,,,,3.0,2.0,5.0,3.0,4.0,3.0,3.0,1.0,4.0,4.0,6.0,10.0,15.0,10.0,6.0,10.0,6.0,,1.0
A,Annual,KGZ,Kyrgyz Republic,WIPO_ICT_PAT_PUB_TOT,WIPO - Number of ICT patent publications: all categories,PATN,Patents,MEAN,Mean,WIPO_ICT,Intellectual Property Statistics - Patent indicators,0,Units,A,Normal value,PU,Public,,,,,,1.0,2.0,2.0,1.0,2.0,,,,,,,3.0,,,,,1.0,
A,Annual,KHM,Cambodia,WIPO_ICT_PAT_PUB_TOT,WIPO - Number of ICT patent publications: all categories,PATN,Patents,MEAN,Mean,WIPO_ICT,Intellectual Property Statistics - Patent indicators,0,Units,A,Normal value,PU,Public,,,,,,,,,,,,2.0,,,,,,,,,,,
A,Annual,KIR,Kiribati,WIPO_ICT_PAT_PUB_TOT,WIPO - Number of ICT patent publications: all categories,PATN,Patents,MEAN,Mean,WIPO_ICT,Intellectual Property Statistics - Patent indicators,0,Units,A,Normal value,PU,Public,,,,,,,,,,,,,,,,3.0,,1.0,,,,,
A,Annual,KNA,St. Kitts and Nevis,WIPO_ICT_PAT_PUB_TOT,WIPO - Number of ICT patent publications: all categories,PATN,Patents,MEAN,Mean,WIPO_ICT,Intellectual Property Statistics - Patent indicators,0,Units,A,Normal value,PU,Public,3.0,17.0,27.0,31.0,17.0,13.0,6.0,7.0,5.0,1.0,,,1.0,,2.0,4.0,1.0,2.0,,1.0,1.0,1.0,
A,Annual,KOR,"Korea, Rep.",WIPO_ICT_PAT_PUB_TOT,WIPO - Number of ICT patent publications: all categories,PATN,Patents,MEAN,Mean,WIPO_ICT,Intellectual Property Statistics - Patent indicators,0,Units,A,Normal value,PU,Public,21445.0,22443.0,23480.0,24752.0,31310.0,40549.0,52348.0,52797.0,47876.0,46371.0,44414.0,44439.0,44530.0,49341.0,55569.0,57419.0,56802.0,52365.0,50244.0,52892.0,59826.0,61983.0,68855.0
A,Annual,KWT,Kuwait,WIPO_ICT_PAT_PUB_TOT,WIPO - Number of ICT patent publications: all categories,PATN,Patents,MEAN,Mean,WIPO_ICT,Intellectual Property Statistics - Patent indicators,0,Units,A,Normal value,PU,Public,1.0,4.0,3.0,5.0,3.0,10.0,13.0,8.0,6.0,7.0,6.0,5.0,11.0,12.0,13.0,12.0,5.0,6.0,3.0,4.0,1.0,7.0,2.0
A,Annual,LAO,Lao PDR,WIPO_ICT_PAT_PUB_TOT,WIPO - Number of ICT patent publications: all categories,PATN,Patents,MEAN,Mean,WIPO_ICT,Intellectual Property Statistics - Patent indicators,0,Units,A,Normal value,PU,Public,,,,,,,,,,,,,,2.0,3.0,,,,1.0,,,,
A,Annual,LBN,Lebanon,WIPO_ICT_PAT_PUB_TOT,WIPO - Number of ICT patent publications: all categories,PATN,Patents,MEAN,Mean,WIPO_ICT,Intellectual Property Statistics - Patent indicators,0,Units,A,Normal value,PU,Public,2.0,,,,,1.0,3.0,5.0,5.0,2.0,2.0,7.0,,2.0,5.0,2.0,8.0,5.0,11.0,7.0,6.0,8.0,4.0
A,Annual,LBR,Liberia,WIPO_ICT_PAT_PUB_TOT,WIPO - Number of ICT patent publications: all categories,PATN,Patents,MEAN,Mean,WIPO_ICT,Intellectual Property Statistics - Patent indicators,0,Units,A,Normal value,PU,Public,,,,2.0,,,,,,,,,,,,,,,,,,3.0,
A,Annual,LBY,Libya,WIPO_ICT_PAT_PUB_TOT,WIPO - Number of ICT patent publications: all categories,PATN,Patents,MEAN,Mean,WIPO_ICT,Intellectual Property Statistics - Patent indicators,0,Units,A,Normal value,PU,Public,,,1.0,,,,,,,,1.0,,,,,,,,2.0,2.0,,1.0,
A,Annual,LCA,St. Lucia,WIPO_ICT_PAT_PUB_TOT,WIPO - Number of ICT patent publications: all categories,PATN,Patents,MEAN,Mean,WIPO_ICT,Intellectual Property Statistics - Patent indicators,0,Units,A,Normal value,PU,Public,,,,,1.0,,,,,,,,,,,1.0,,,,,,,
A,Annual,LIE,Liechtenstein,WIPO_ICT_PAT_PUB_TOT,WIPO - Number of ICT patent publications: all categories,PATN,Patents,MEAN,Mean,WIPO_ICT,Intellectual Property Statistics - Patent indicators,0,Units,A,Normal value,PU,Public,5.0,17.0,15.0,18.0,18.0,22.0,14.0,19.0,23.0,13.0,10.0,5.0,14.0,49.0,68.0,30.0,27.0,25.0,20.0,27.0,32.0,26.0,41.0
A,Annual,LKA,Sri Lanka,WIPO_ICT_PAT_PUB_TOT,WIPO - Number of ICT patent publications: all categories,PATN,Patents,MEAN,Mean,WIPO_ICT,Intellectual Property Statistics - Patent indicators,0,Units,A,Normal value,PU,Public,,1.0,,,,,1.0,3.0,,8.0,1.0,3.0,3.0,4.0,8.0,6.0,2.0,10.0,5.0,4.0,2.0,2.0,6.0
A,Annual,LSO,Lesotho,WIPO_ICT_PAT_PUB_TOT,WIPO - Number of ICT patent publications: all categories,PATN,Patents,MEAN,Mean,WIPO_ICT,Intellectual Property Statistics - Patent indicators,0,Units,A,Normal value,PU,Public,,,,,,,,,,,,,,,1.0,,,,,,,,
A,Annual,LTU,Lithuania,WIPO_ICT_PAT_PUB_TOT,WIPO - Number of ICT patent publications: all categories,PATN,Patents,MEAN,Mean,WIPO_ICT,Intellectual Property Statistics - Patent indicators,0,Units,A,Normal value,PU,Public,1.0,,3.0,3.0,3.0,3.0,5.0,2.0,4.0,8.0,8.0,7.0,14.0,7.0,10.0,19.0,18.0,9.0,20.0,21.0,24.0,46.0,122.0
A,Annual,LUX,Luxembourg,WIPO_ICT_PAT_PUB_TOT,WIPO - Number of ICT patent publications: all categories,PATN,Patents,MEAN,Mean,WIPO_ICT,Intellectual Property Statistics - Patent indicators,0,Units,A,Normal value,PU,Public,57.0,72.0,94.0,82.0,79.0,96.0,118.0,171.0,212.0,209.0,266.0,280.0,341.0,399.0,525.0,388.0,299.0,273.0,256.0,281.0,277.0,198.0,188.0
A,Annual,LVA,Latvia,WIPO_ICT_PAT_PUB_TOT,WIPO - Number of ICT patent publications: all categories,PATN,Patents,MEAN,Mean,WIPO_ICT,Intellectual Property Statistics - Patent indicators,0,Units,A,Normal value,PU,Public,4.0,7.0,3.0,8.0,6.0,4.0,9.0,4.0,15.0,20.0,12.0,10.0,13.0,16.0,21.0,24.0,16.0,10.0,12.0,15.0,11.0,15.0,18.0
A,Annual,MAC,"Macao SAR, China",WIPO_ICT_PAT_PUB_TOT,WIPO - Number of ICT patent publications: all categories,PATN,Patents,MEAN,Mean,WIPO_ICT,Intellectual Property Statistics - Patent indicators,0,Units,A,Normal value,PU,Public,,8.0,,14.0,11.0,9.0,21.0,12.0,2.0,,1.0,,1.0,1.0,7.0,15.0,9.0,23.0,22.0,9.0,5.0,2.0,8.0
A,Annual,MAR,Morocco,WIPO_ICT_PAT_PUB_TOT,WIPO - Number of ICT patent publications: all categories,PATN,Patents,MEAN,Mean,WIPO_ICT,Intellectual Property Statistics - Patent indicators,0,Units,A,Normal value,PU,Public,12.0,13.0,24.0,17.0,15.0,8.0,3.0,3.0,1.0,4.0,7.0,16.0,16.0,20.0,29.0,50.0,52.0,42.0,50.0,22.0,29.0,22.0,27.0
A,Annual,MCO,Monaco,WIPO_ICT_PAT_PUB_TOT,WIPO - Number of ICT patent publications: all categories,PATN,Patents,MEAN,Mean,WIPO_ICT,Intellectual Property Statistics - Patent indicators,0,Units,A,Normal value,PU,Public,1.0,7.0,5.0,7.0,7.0,9.0,3.0,9.0,6.0,10.0,5.0,8.0,10.0,7.0,20.0,17.0,15.0,7.0,14.0,9.0,13.0,31.0,16.0
A,Annual,MDA,Moldova,WIPO_ICT_PAT_PUB_TOT,WIPO - Number of ICT patent publications: all categories,PATN,Patents,MEAN,Mean,WIPO_ICT,Intellectual Property Statistics - Patent indicators,0,Units,A,Normal value,PU,Public,5.0,5.0,10.0,6.0,15.0,8.0,13.0,6.0,12.0,12.0,12.0,10.0,14.0,20.0,25.0,10.0,13.0,8.0,8.0,5.0,1.0,14.0,3.0
A,Annual,MEX,Mexico,WIPO_ICT_PAT_PUB_TOT,WIPO - Number of ICT patent publications: all categories,PATN,Patents,MEAN,Mean,WIPO_ICT,Intellectual Property Statistics - Patent indicators,0,Units,A,Normal value,PU,Public,10.0,11.0,26.0,48.0,36.0,59.0,52.0,78.0,57.0,68.0,74.0,81.0,85.0,91.0,103.0,126.0,159.0,155.0,135.0,153.0,85.0,96.0,64.0
A,Annual,MHL,Marshall Islands,WIPO_ICT_PAT_PUB_TOT,WIPO - Number of ICT patent publications: all categories,PATN,Patents,MEAN,Mean,WIPO_ICT,Intellectual Property Statistics - Patent indicators,0,Units,A,Normal value,PU,Public,,,,,,,,,,3.0,,,,2.0,,,,,,2.0,,,
A,Annual,MKD,North Macedonia,WIPO_ICT_PAT_PUB_TOT,WIPO - Number of ICT patent publications: all categories,PATN,Patents,MEAN,Mean,WIPO_ICT,Intellectual Property Statistics - Patent indicators,0,Units,A,Normal value,PU,Public,,1.0,,,2.0,,1.0,,,2.0,,1.0,1.0,1.0,1.0,,1.0,,1.0,3.0,,1.0,
A,Annual,MLI,Mali,WIPO_ICT_PAT_PUB_TOT,WIPO - Number of ICT patent publications: all categories,PATN,Patents,MEAN,Mean,WIPO_ICT,Intellectual Property Statistics - Patent indicators,0,Units,A,Normal value,PU,Public,,,,,,,1.0,,,,,,,,,,,,,,,,
A,Annual,MLT,Malta,WIPO_ICT_PAT_PUB_TOT,WIPO - Number of ICT patent publications: all categories,PATN,Patents,MEAN,Mean,WIPO_ICT,Intellectual Property Statistics - Patent indicators,0,Units,A,Normal value,PU,Public,1.0,2.0,1.0,5.0,2.0,2.0,3.0,11.0,10.0,8.0,7.0,11.0,19.0,20.0,39.0,22.0,52.0,75.0,45.0,52.0,54.0,52.0,57.0
A,Annual,MMR,Myanmar,WIPO_ICT_PAT_PUB_TOT,WIPO - Number of ICT patent publications: all categories,PATN,Patents,MEAN,Mean,WIPO_ICT,Intellectual Property Statistics - Patent indicators,0,Units,A,Normal value,PU,Public,,,,,,,,,,,,,,,,,,,,1.0,,,
A,Annual,MNE,Montenegro,WIPO_ICT_PAT_PUB_TOT,WIPO - Number of ICT patent publications: all categories,PATN,Patents,MEAN,Mean,WIPO_ICT,Intellectual Property Statistics - Patent indicators,0,Units,A,Normal value,PU,Public,,,,,,,,,,,,,,,,1.0,,,,1.0,,,
A,Annual,MNG,Mongolia,WIPO_ICT_PAT_PUB_TOT,WIPO - Number of ICT patent publications: all categories,PATN,Patents,MEAN,Mean,WIPO_ICT,Intellectual Property Statistics - Patent indicators,0,Units,A,Normal value,PU,Public,,,,,,,,,,,,,,,,,1.0,,,,,,2.0
A,Annual,MOZ,Mozambique,WIPO_ICT_PAT_PUB_TOT,WIPO - Number of ICT patent publications: all categories,PATN,Patents,MEAN,Mean,WIPO_ICT,Intellectual Property Statistics - Patent indicators,0,Units,A,Normal value,PU,Public,,,,,,,,,,,,,,,,,,1.0,,,,,
A,Annual,MRT,Mauritania,WIPO_ICT_PAT_PUB_TOT,WIPO - Number of ICT patent publications: all categories,PATN,Patents,MEAN,Mean,WIPO_ICT,Intellectual Property Statistics - Patent indicators,0,Units,A,Normal value,PU,Public,,,,,,,,,,,,,,,,,,,1.0,,,,
A,Annual,MUS,Mauritius,WIPO_ICT_PAT_PUB_TOT,WIPO - Number of ICT patent publications: all categories,PATN,Patents,MEAN,Mean,WIPO_ICT,Intellectual Property Statistics - Patent indicators,0,Units,A,Normal value,PU,Public,1.0,1.0,,8.0,15.0,5.0,18.0,32.0,82.0,45.0,30.0,12.0,19.0,25.0,6.0,15.0,25.0,14.0,14.0,19.0,12.0,15.0,16.0
A,Annual,MWI,Malawi,WIPO_ICT_PAT_PUB_TOT,WIPO - Number of ICT patent publications: all categories,PATN,Patents,MEAN,Mean,WIPO_ICT,Intellectual Property Statistics - Patent indicators,0,Units,A,Normal value,PU,Public,,,,,,,,,,,,,,,,,,1.0,,,,,
A,Annual,MYS,Malaysia,WIPO_ICT_PAT_PUB_TOT,WIPO - Number of ICT patent publications: all categories,PATN,Patents,MEAN,Mean,WIPO_ICT,Intellectual Property Statistics - Patent indicators,0,Units,A,Normal value,PU,Public,13.0,15.0,20.0,24.0,69.0,67.0,88.0,90.0,88.0,117.0,141.0,186.0,229.0,202.0,263.0,305.0,241.0,236.0,158.0,105.0,140.0,212.0,216.0
A,Annual,NER,Niger,WIPO_ICT_PAT_PUB_TOT,WIPO - Number of ICT patent publications: all categories,PATN,Patents,MEAN,Mean,WIPO_ICT,Intellectual Property Statistics - Patent indicators,0,Units,A,Normal value,PU,Public,,2.0,,,,,,,2.0,1.0,,,1.0,2.0,3.0,,1.0,3.0,,,1.0,,1.0
A,Annual,NGA,Nigeria,WIPO_ICT_PAT_PUB_TOT,WIPO - Number of ICT patent publications: all categories,PATN,Patents,MEAN,Mean,WIPO_ICT,Intellectual Property Statistics - Patent indicators,0,Units,A,Normal value,PU,Public,,,1.0,,,,1.0,,3.0,1.0,2.0,,2.0,,8.0,6.0,5.0,1.0,3.0,5.0,2.0,3.0,6.0
A,Annual,NIC,Nicaragua,WIPO_ICT_PAT_PUB_TOT,WIPO - Number of ICT patent publications: all categories,PATN,Patents,MEAN,Mean,WIPO_ICT,Intellectual Property Statistics - Patent indicators,0,Units,A,Normal value,PU,Public,,,,,,,,,,,,,,,,,,,,,1.0,,1.0
A,Annual,NLD,Netherlands,WIPO_ICT_PAT_PUB_TOT,WIPO - Number of ICT patent publications: all categories,PATN,Patents,MEAN,Mean,WIPO_ICT,Intellectual Property Statistics - Patent indicators,0,Units,A,Normal value,PU,Public,3013.0,4481.0,5830.0,6571.0,7714.0,10153.0,10256.0,9559.0,7493.0,6098.0,5048.0,4200.0,3618.0,3173.0,3333.0,3553.0,4136.0,3899.0,3401.0,3210.0,3312.0,3242.0,2965.0
A,Annual,NOR,Norway,WIPO_ICT_PAT_PUB_TOT,WIPO - Number of ICT patent publications: all categories,PATN,Patents,MEAN,Mean,WIPO_ICT,Intellectual Property Statistics - Patent indicators,0,Units,A,Normal value,PU,Public,293.0,277.0,330.0,408.0,356.0,434.0,318.0,334.0,338.0,320.0,272.0,265.0,296.0,229.0,349.0,404.0,338.0,382.0,390.0,377.0,394.0,369.0,364.0
A,Annual,NPL,Nepal,WIPO_ICT_PAT_PUB_TOT,WIPO - Number of ICT patent publications: all categories,PATN,Patents,MEAN,Mean,WIPO_ICT,Intellectual Property Statistics - Patent indicators,0,Units,A,Normal value,PU,Public,,,,1.0,,,,,1.0,,1.0,,,,,,1.0,,,,1.0,,2.0
A,Annual,NZL,New Zealand,WIPO_ICT_PAT_PUB_TOT,WIPO - Number of ICT patent publications: all categories,PATN,Patents,MEAN,Mean,WIPO_ICT,Intellectual Property Statistics - Patent indicators,0,Units,A,Normal value,PU,Public,99.0,176.0,194.0,178.0,206.0,210.0,158.0,160.0,173.0,221.0,177.0,142.0,126.0,132.0,163.0,153.0,145.0,123.0,140.0,122.0,140.0,240.0,311.0
A,Annual,OMN,Oman,WIPO_ICT_PAT_PUB_TOT,WIPO - Number of ICT patent publications: all categories,PATN,Patents,MEAN,Mean,WIPO_ICT,Intellectual Property Statistics - Patent indicators,0,Units,A,Normal value,PU,Public,,,,,,2.0,,,1.0,,1.0,,,,,,,,1.0,6.0,2.0,10.0,19.0
A,Annual,PAK,Pakistan,WIPO_ICT_PAT_PUB_TOT,WIPO - Number of ICT patent publications: all categories,PATN,Patents,MEAN,Mean,WIPO_ICT,Intellectual Property Statistics - Patent indicators,0,Units,A,Normal value,PU,Public,,,1.0,1.0,,,3.0,9.0,4.0,2.0,1.0,5.0,5.0,9.0,11.0,9.0,3.0,6.0,2.0,3.0,4.0,1.0,7.0
A,Annual,PAN,Panama,WIPO_ICT_PAT_PUB_TOT,WIPO - Number of ICT patent publications: all categories,PATN,Patents,MEAN,Mean,WIPO_ICT,Intellectual Property Statistics - Patent indicators,0,Units,A,Normal value,PU,Public,2.0,5.0,5.0,6.0,5.0,7.0,19.0,24.0,20.0,8.0,7.0,3.0,2.0,4.0,13.0,21.0,9.0,9.0,12.0,9.0,5.0,9.0,22.0
A,Annual,PER,Peru,WIPO_ICT_PAT_PUB_TOT,WIPO - Number of ICT patent publications: all categories,PATN,Patents,MEAN,Mean,WIPO_ICT,Intellectual Property Statistics - Patent indicators,0,Units,A,Normal value,PU,Public,3.0,,1.0,2.0,1.0,2.0,,1.0,2.0,2.0,,2.0,2.0,,8.0,10.0,6.0,4.0,16.0,4.0,3.0,10.0,3.0
A,Annual,PHL,Philippines,WIPO_ICT_PAT_PUB_TOT,WIPO - Number of ICT patent publications: all categories,PATN,Patents,MEAN,Mean,WIPO_ICT,Intellectual Property Statistics - Patent indicators,0,Units,A,Normal value,PU,Public,,3.0,9.0,5.0,13.0,12.0,7.0,6.0,13.0,15.0,14.0,20.0,22.0,25.0,35.0,50.0,71.0,57.0,44.0,49.0,40.0,49.0,19.0
A,Annual,PLW,Palau,WIPO_ICT_PAT_PUB_TOT,WIPO - Number of ICT patent publications: all categories,PATN,Patents,MEAN,Mean,WIPO_ICT,Intellectual Property Statistics - Patent indicators,0,Units,A,Normal value,PU,Public,,,,,,,,,,,,,,2.0,,,,,,,,,
A,Annual,PNG,Papua New Guinea,WIPO_ICT_PAT_PUB_TOT,WIPO - Number of ICT patent publications: all categories,PATN,Patents,MEAN,Mean,WIPO_ICT,Intellectual Property Statistics - Patent indicators,0,Units,A,Normal value,PU,Public,,,,,,,,,,,,,,,,,,,,,,1.0,
A,Annual,POL,Poland,WIPO_ICT_PAT_PUB_TOT,WIPO - Number of ICT patent publications: all categories,PATN,Patents,MEAN,Mean,WIPO_ICT,Intellectual Property Statistics - Patent indicators,0,Units,A,Normal value,PU,Public,82.0,78.0,86.0,85.0,109.0,167.0,159.0,129.0,91.0,150.0,133.0,169.0,208.0,262.0,274.0,277.0,286.0,278.0,221.0,208.0,209.0,210.0,207.0
A,Annual,PRK,"Korea, Dem. People's Rep.",WIPO_ICT_PAT_PUB_TOT,WIPO - Number of ICT patent publications: all categories,PATN,Patents,MEAN,Mean,WIPO_ICT,Intellectual Property Statistics - Patent indicators,0,Units,A,Normal value,PU,Public,4.0,2.0,2.0,1.0,7.0,11.0,10.0,28.0,22.0,9.0,8.0,8.0,7.0,11.0,7.0,9.0,5.0,1.0,2.0,4.0,6.0,2.0,2.0
A,Annual,PRT,Portugal,WIPO_ICT_PAT_PUB_TOT,WIPO - Number of ICT patent publications: all categories,PATN,Patents,MEAN,Mean,WIPO_ICT,Intellectual Property Statistics - Patent indicators,0,Units,A,Normal value,PU,Public,10.0,9.0,20.0,18.0,19.0,18.0,31.0,25.0,47.0,47.0,52.0,49.0,64.0,68.0,93.0,103.0,94.0,92.0,104.0,114.0,136.0,142.0,135.0
A,Annual,PRY,Paraguay,WIPO_ICT_PAT_PUB_TOT,WIPO - Number of ICT patent publications: all categories,PATN,Patents,MEAN,Mean,WIPO_ICT,Intellectual Property Statistics - Patent indicators,0,Units,A,Normal value,PU,Public,,,,,,4.0,,,,3.0,,2.0,,,,,,1.0,1.0,,,,
A,Annual,QAT,Qatar,WIPO_ICT_PAT_PUB_TOT,WIPO - Number of ICT patent publications: all categories,PATN,Patents,MEAN,Mean,WIPO_ICT,Intellectual Property Statistics - Patent indicators,0,Units,A,Normal value,PU,Public,,,1.0,,,,2.0,,1.0,,,11.0,15.0,52.0,55.0,55.0,30.0,20.0,27.0,27.0,25.0,16.0,25.0
A,Annual,ROU,Romania,WIPO_ICT_PAT_PUB_TOT,WIPO - Number of ICT patent publications: all categories,PATN,Patents,MEAN,Mean,WIPO_ICT,Intellectual Property Statistics - Patent indicators,0,Units,A,Normal value,PU,Public,27.0,23.0,24.0,19.0,12.0,10.0,19.0,17.0,25.0,20.0,41.0,69.0,86.0,66.0,52.0,65.0,76.0,45.0,42.0,46.0,61.0,67.0,72.0
A,Annual,RUS,Russian Federation,WIPO_ICT_PAT_PUB_TOT,WIPO - Number of ICT patent publications: all categories,PATN,Patents,MEAN,Mean,WIPO_ICT,Intellectual Property Statistics - Patent indicators,0,Units,A,Normal value,PU,Public,584.0,440.0,612.0,821.0,945.0,1168.0,1076.0,1041.0,1063.0,1150.0,1108.0,1046.0,1227.0,1345.0,1483.0,1654.0,1425.0,1726.0,1547.0,1881.0,1697.0,1569.0,706.0
A,Annual,RWA,Rwanda,WIPO_ICT_PAT_PUB_TOT,WIPO - Number of ICT patent publications: all categories,PATN,Patents,MEAN,Mean,WIPO_ICT,Intellectual Property Statistics - Patent indicators,0,Units,A,Normal value,PU,Public,,1.0,,,,,,,,,,,,,,,,,2.0,,1.0,,
A,Annual,SAU,Saudi Arabia,WIPO_ICT_PAT_PUB_TOT,WIPO - Number of ICT patent publications: all categories,PATN,Patents,MEAN,Mean,WIPO_ICT,Intellectual Property Statistics - Patent indicators,0,Units,A,Normal value,PU,Public,,1.0,6.0,2.0,4.0,19.0,21.0,25.0,25.0,26.0,48.0,76.0,142.0,155.0,139.0,141.0,172.0,159.0,147.0,176.0,266.0,316.0,251.0
A,Annual,SDN,Sudan,WIPO_ICT_PAT_PUB_TOT,WIPO - Number of ICT patent publications: all categories,PATN,Patents,MEAN,Mean,WIPO_ICT,Intellectual Property Statistics - Patent indicators,0,Units,A,Normal value,PU,Public,,,,,,,,1.0,1.0,1.0,,,2.0,,,,,,,,3.0,,
A,Annual,SEN,Senegal,WIPO_ICT_PAT_PUB_TOT,WIPO - Number of ICT patent publications: all categories,PATN,Patents,MEAN,Mean,WIPO_ICT,Intellectual Property Statistics - Patent indicators,0,Units,A,Normal value,PU,Public,,,,,,,,,1.0,1.0,,2.0,,,,,,,,,2.0,1.0,3.0
A,Annual,SGP,Singapore,WIPO_ICT_PAT_PUB_TOT,WIPO - Number of ICT patent publications: all categories,PATN,Patents,MEAN,Mean,WIPO_ICT,Intellectual Property Statistics - Patent indicators,0,Units,A,Normal value,PU,Public,199.0,291.0,516.0,606.0,687.0,914.0,983.0,1177.0,1114.0,1183.0,1223.0,1189.0,1253.0,1450.0,1691.0,2205.0,2172.0,2349.0,2368.0,2420.0,3166.0,3489.0,3591.0
A,Annual,SLE,Sierra Leone,WIPO_ICT_PAT_PUB_TOT,WIPO - Number of ICT patent publications: all categories,PATN,Patents,MEAN,Mean,WIPO_ICT,Intellectual Property Statistics - Patent indicators,0,Units,A,Normal value,PU,Public,2.0,,,1.0,,,,,,,,,,,,,,,,1.0,,,1.0
A,Annual,SLV,El Salvador,WIPO_ICT_PAT_PUB_TOT,WIPO - Number of ICT patent publications: all categories,PATN,Patents,MEAN,Mean,WIPO_ICT,Intellectual Property Statistics - Patent indicators,0,Units,A,Normal value,PU,Public,,,,,,,,,,,,,,,,,,1.0,,3.0,,,
A,Annual,SMR,San Marino,WIPO_ICT_PAT_PUB_TOT,WIPO - Number of ICT patent publications: all categories,PATN,Patents,MEAN,Mean,WIPO_ICT,Intellectual Property Statistics - Patent indicators,0,Units,A,Normal value,PU,Public,2.0,,,1.0,2.0,,2.0,2.0,1.0,,2.0,1.0,1.0,,,1.0,2.0,10.0,5.0,10.0,1.0,1.0,
A,Annual,SOM,Somalia,WIPO_ICT_PAT_PUB_TOT,WIPO - Number of ICT patent publications: all categories,PATN,Patents,MEAN,Mean,WIPO_ICT,Intellectual Property Statistics - Patent indicators,0,Units,A,Normal value,PU,Public,,,,,,,,,,,6.0,,,,,,,,,,,,
A,Annual,SRB,Serbia,WIPO_ICT_PAT_PUB_TOT,WIPO - Number of ICT patent publications: all categories,PATN,Patents,MEAN,Mean,WIPO_ICT,Intellectual Property Statistics - Patent indicators,0,Units,A,Normal value,PU,Public,,,,,,4.0,3.0,11.0,12.0,18.0,14.0,23.0,16.0,16.0,32.0,10.0,24.0,23.0,11.0,23.0,27.0,23.0,22.0
A,Annual,STP,Sao Tome and Principe,WIPO_ICT_PAT_PUB_TOT,WIPO - Number of ICT patent publications: all categories,PATN,Patents,MEAN,Mean,WIPO_ICT,Intellectual Property Statistics - Patent indicators,0,Units,A,Normal value,PU,Public,,,,,,,,,,,,,,1.0,,,,,,,,,
A,Annual,SUR,Suriname,WIPO_ICT_PAT_PUB_TOT,WIPO - Number of ICT patent publications: all categories,PATN,Patents,MEAN,Mean,WIPO_ICT,Intellectual Property Statistics - Patent indicators,0,Units,A,Normal value,PU,Public,,,,,,,,,,,,,,,,,,,,,1.0,,
A,Annual,SVK,Slovak Republic,WIPO_ICT_PAT_PUB_TOT,WIPO - Number of ICT patent publications: all categories,PATN,Patents,MEAN,Mean,WIPO_ICT,Intellectual Property Statistics - Patent indicators,0,Units,A,Normal value,PU,Public,3.0,14.0,21.0,18.0,10.0,13.0,25.0,24.0,18.0,16.0,34.0,49.0,42.0,34.0,27.0,51.0,34.0,36.0,47.0,48.0,44.0,41.0,21.0
A,Annual,SVN,Slovenia,WIPO_ICT_PAT_PUB_TOT,WIPO - Number of ICT patent publications: all categories,PATN,Patents,MEAN,Mean,WIPO_ICT,Intellectual Property Statistics - Patent indicators,0,Units,A,Normal value,PU,Public,9.0,19.0,24.0,21.0,25.0,38.0,30.0,42.0,45.0,55.0,48.0,37.0,41.0,39.0,44.0,38.0,32.0,23.0,28.0,36.0,25.0,22.0,32.0
A,Annual,SWE,Sweden,WIPO_ICT_PAT_PUB_TOT,WIPO - Number of ICT patent publications: all categories,PATN,Patents,MEAN,Mean,WIPO_ICT,Intellectual Property Statistics - Patent indicators,0,Units,A,Normal value,PU,Public,4980.0,5294.0,5316.0,3760.0,3285.0,3056.0,3668.0,5364.0,5761.0,6619.0,6971.0,6304.0,6418.0,6370.0,7073.0,7659.0,7779.0,7687.0,8030.0,8823.0,9115.0,8825.0,9068.0
A,Annual,SWZ,Eswatini,WIPO_ICT_PAT_PUB_TOT,WIPO - Number of ICT patent publications: all categories,PATN,Patents,MEAN,Mean,WIPO_ICT,Intellectual Property Statistics - Patent indicators,0,Units,A,Normal value,PU,Public,1.0,2.0,,,,,,3.0,,2.0,3.0,,,4.0,,3.0,,,,,,,
A,Annual,SYC,Seychelles,WIPO_ICT_PAT_PUB_TOT,WIPO - Number of ICT patent publications: all categories,PATN,Patents,MEAN,Mean,WIPO_ICT,Intellectual Property Statistics - Patent indicators,0,Units,A,Normal value,PU,Public,,1.0,,1.0,,2.0,3.0,5.0,9.0,4.0,7.0,12.0,21.0,38.0,38.0,10.0,10.0,27.0,33.0,25.0,21.0,5.0,9.0
A,Annual,SYR,Syrian Arab Republic,WIPO_ICT_PAT_PUB_TOT,WIPO - Number of ICT patent publications: all categories,PATN,Patents,MEAN,Mean,WIPO_ICT,Intellectual Property Statistics - Patent indicators,0,Units,A,Normal value,PU,Public,,,1.0,1.0,,1.0,,1.0,,,,1.0,,1.0,,,1.0,,,,1.0,2.0,4.0
A,Annual,TGO,Togo,WIPO_ICT_PAT_PUB_TOT,WIPO - Number of ICT patent publications: all categories,PATN,Patents,MEAN,Mean,WIPO_ICT,Intellectual Property Statistics - Patent indicators,0,Units,A,Normal value,PU,Public,,,,,,,,,,,,,,,,,,,1.0,,,,
A,Annual,THA,Thailand,WIPO_ICT_PAT_PUB_TOT,WIPO - Number of ICT patent publications: all categories,PATN,Patents,MEAN,Mean,WIPO_ICT,Intellectual Property Statistics - Patent indicators,0,Units,A,Normal value,PU,Public,3.0,2.0,6.0,8.0,11.0,19.0,5.0,13.0,24.0,23.0,11.0,15.0,20.0,23.0,34.0,13.0,22.0,20.0,45.0,59.0,69.0,43.0,27.0
A,Annual,TJK,Tajikistan,WIPO_ICT_PAT_PUB_TOT,WIPO - Number of ICT patent publications: all categories,PATN,Patents,MEAN,Mean,WIPO_ICT,Intellectual Property Statistics - Patent indicators,0,Units,A,Normal value,PU,Public,,,,,,,,,,1.0,,,,,,,,,,2.0,,,
A,Annual,TKM,Turkmenistan,WIPO_ICT_PAT_PUB_TOT,WIPO - Number of ICT patent publications: all categories,PATN,Patents,MEAN,Mean,WIPO_ICT,Intellectual Property Statistics - Patent indicators,0,Units,A,Normal value,PU,Public,,,,,,,,,,,,,2.0,,,,,,,,,,
A,Annual,TON,Tonga,WIPO_ICT_PAT_PUB_TOT,WIPO - Number of ICT patent publications: all categories,PATN,Patents,MEAN,Mean,WIPO_ICT,Intellectual Property Statistics - Patent indicators,0,Units,A,Normal value,PU,Public,2.0,,,,,,,,,,,,,,,,1.0,,,,,,
A,Annual,TTO,Trinidad and Tobago,WIPO_ICT_PAT_PUB_TOT,WIPO - Number of ICT patent publications: all categories,PATN,Patents,MEAN,Mean,WIPO_ICT,Intellectual Property Statistics - Patent indicators,0,Units,A,Normal value,PU,Public,,,,,2.0,,,,,,,,,,,,1.0,1.0,1.0,2.0,1.0,,
A,Annual,TUN,Tunisia,WIPO_ICT_PAT_PUB_TOT,WIPO - Number of ICT patent publications: all categories,PATN,Patents,MEAN,Mean,WIPO_ICT,Intellectual Property Statistics - Patent indicators,0,Units,A,Normal value,PU,Public,,5.0,,2.0,2.0,3.0,1.0,3.0,2.0,6.0,13.0,16.0,22.0,13.0,8.0,24.0,5.0,23.0,21.0,17.0,11.0,8.0,11.0
A,Annual,TUR,Turkiye,WIPO_ICT_PAT_PUB_TOT,WIPO - Number of ICT patent publications: all categories,PATN,Patents,MEAN,Mean,WIPO_ICT,Intellectual Property Statistics - Patent indicators,0,Units,A,Normal value,PU,Public,6.0,6.0,26.0,29.0,39.0,21.0,65.0,85.0,138.0,168.0,170.0,232.0,268.0,145.0,142.0,199.0,294.0,588.0,1082.0,1322.0,795.0,1564.0,1151.0
A,Annual,TZA,Tanzania,WIPO_ICT_PAT_PUB_TOT,WIPO - Number of ICT patent publications: all categories,PATN,Patents,MEAN,Mean,WIPO_ICT,Intellectual Property Statistics - Patent indicators,0,Units,A,Normal value,PU,Public,,,,,,,,,,,,,,,2.0,,1.0,,,1.0,1.0,,
A,Annual,UGA,Uganda,WIPO_ICT_PAT_PUB_TOT,WIPO - Number of ICT patent publications: all categories,PATN,Patents,MEAN,Mean,WIPO_ICT,Intellectual Property Statistics - Patent indicators,0,Units,A,Normal value,PU,Public,,1.0,1.0,,,,,,,1.0,,,,,,,,,,,,,1.0
A,Annual,UKR,Ukraine,WIPO_ICT_PAT_PUB_TOT,WIPO - Number of ICT patent publications: all categories,PATN,Patents,MEAN,Mean,WIPO_ICT,Intellectual Property Statistics - Patent indicators,0,Units,A,Normal value,PU,Public,59.0,24.0,27.0,75.0,219.0,92.0,68.0,74.0,82.0,118.0,95.0,97.0,104.0,106.0,164.0,120.0,81.0,92.0,82.0,67.0,47.0,37.0,25.0
A,Annual,URY,Uruguay,WIPO_ICT_PAT_PUB_TOT,WIPO - Number of ICT patent publications: all categories,PATN,Patents,MEAN,Mean,WIPO_ICT,Intellectual Property Statistics - Patent indicators,0,Units,A,Normal value,PU,Public,3.0,4.0,7.0,17.0,7.0,25.0,3.0,4.0,,11.0,3.0,4.0,7.0,6.0,3.0,1.0,7.0,7.0,23.0,22.0,6.0,6.0,8.0
A,Annual,USA,United States,WIPO_ICT_PAT_PUB_TOT,WIPO - Number of ICT patent publications: all categories,PATN,Patents,MEAN,Mean,WIPO_ICT,Intellectual Property Statistics - Patent indicators,0,Units,A,Normal value,PU,Public,46665.0,60922.0,81398.0,84454.0,89419.0,93767.0,95930.0,99946.0,108728.0,104584.0,96042.0,95791.0,107588.0,119767.0,140046.0,132536.0,142111.0,139121.0,132923.0,137523.0,140499.0,142735.0,148239.0
A,Annual,UZB,Uzbekistan,WIPO_ICT_PAT_PUB_TOT,WIPO - Number of ICT patent publications: all categories,PATN,Patents,MEAN,Mean,WIPO_ICT,Intellectual Property Statistics - Patent indicators,0,Units,A,Normal value,PU,Public,2.0,,,,,,,,,,,,,,1.0,,1.0,3.0,3.0,,3.0,1.0,1.0
A,Annual,VAT,Holy See (Vatican City State),WIPO_ICT_PAT_PUB_TOT,WIPO - Number of ICT patent publications: all categories,PATN,Patents,MEAN,Mean,WIPO_ICT,Intellectual Property Statistics - Patent indicators,0,Units,A,Normal value,PU,Public,,,,,,,,,,,,,2.0,,1.0,,,,,,,,
A,Annual,VCT,St. Vincent and the Grenadines,WIPO_ICT_PAT_PUB_TOT,WIPO - Number of ICT patent publications: all categories,PATN,Patents,MEAN,Mean,WIPO_ICT,Intellectual Property Statistics - Patent indicators,0,Units,A,Normal value,PU,Public,,,,,,,,2.0,7.0,2.0,4.0,2.0,,,,,,,,,,,
A,Annual,VEN,"Venezuela, RB",WIPO_ICT_PAT_PUB_TOT,WIPO - Number of ICT patent publications: all categories,PATN,Patents,MEAN,Mean,WIPO_ICT,Intellectual Property Statistics - Patent indicators,0,Units,A,Normal value,PU,Public,1.0,,4.0,11.0,8.0,2.0,2.0,6.0,2.0,1.0,,,,11.0,1.0,4.0,,1.0,,,2.0,,
A,Annual,VNM,Viet Nam,WIPO_ICT_PAT_PUB_TOT,WIPO - Number of ICT patent publications: all categories,PATN,Patents,MEAN,Mean,WIPO_ICT,Intellectual Property Statistics - Patent indicators,0,Units,A,Normal value,PU,Public,,,,,,,,1.0,1.0,5.0,2.0,1.0,1.0,,12.0,8.0,12.0,3.0,8.0,12.0,22.0,22.0,28.0
A,Annual,VUT,Vanuatu,WIPO_ICT_PAT_PUB_TOT,WIPO - Number of ICT patent publications: all categories,PATN,Patents,MEAN,Mean,WIPO_ICT,Intellectual Property Statistics - Patent indicators,0,Units,A,Normal value,PU,Public,1.0,,1.0,,,,,,,1.0,,,,,,,,,,2.0,,5.0,
A,Annual,WSM,Samoa,WIPO_ICT_PAT_PUB_TOT,WIPO - Number of ICT patent publications: all categories,PATN,Patents,MEAN,Mean,WIPO_ICT,Intellectual Property Statistics - Patent indicators,0,Units,A,Normal value,PU,Public,,,1.0,1.0,1.0,1.0,3.0,11.0,29.0,22.0,12.0,24.0,19.0,28.0,17.0,16.0,21.0,52.0,29.0,22.0,30.0,15.0,5.0
A,Annual,YEM,"Yemen, Rep.",WIPO_ICT_PAT_PUB_TOT,WIPO - Number of ICT patent publications: all categories,PATN,Patents,MEAN,Mean,WIPO_ICT,Intellectual Property Statistics - Patent indicators,0,Units,A,Normal value,PU,Public,,,,,,,,,,,,,2.0,,1.0,1.0,,1.0,3.0,4.0,,,
A,Annual,ZAF,South Africa,WIPO_ICT_PAT_PUB_TOT,WIPO - Number of ICT patent publications: all categories,PATN,Patents,MEAN,Mean,WIPO_ICT,Intellectual Property Statistics - Patent indicators,0,Units,A,Normal value,PU,Public,143.0,177.0,175.0,175.0,185.0,227.0,160.0,173.0,230.0,279.0,232.0,185.0,211.0,199.0,172.0,177.0,162.0,130.0,103.0,123.0,83.0,88.0,132.0
A,Annual,ZWE,Zimbabwe,WIPO_ICT_PAT_PUB_TOT,WIPO - Number of ICT patent publications: all categories,PATN,Patents,MEAN,Mean,WIPO_ICT,Intellectual Property Statistics - Patent indicators,0,Units,A,Normal value,PU,Public,,,1.0,,,,,,,,,,,,1.0,,,,,,,1.0,
