"Data Source","World Development Indicators",

"Last Updated Date","2025-10-07",

"Country Name","Country Code","Indicator Name","Indicator Code","2002","2003","2004","2005","2006","2007","2008","2009","2010","2011","2012","2013","2014","2015","2016","2017","2018","2019","2020","2021","2022",
"Aruba","ABW","Access to electricity (% of population)","EG.ELC.ACCS.ZS","100","100","100","100","100","100","100","100","93.4","100","100","100","100","100","100","100","100","100","100","100","99.9",
"Africa Eastern and Southern","AFE","Access to electricity (% of population)","EG.ELC.ACCS.ZS","21.5486466155625","22.4932167182052","23.724454932615","23.449539355606","25.1724823105969","26.7951445862147","25.9088451344457","26.1878464781111","27.414953756332","28.909756234127","31.6734274619175","31.7235735731483","31.8719561283579","33.9222756622758","38.8595976583714","40.2237441730368","43.0350733507835","44.3908605333639","46.2823709455637","48.1272110400485","48.8012579607658",
"Afghanistan","AFG","Access to electricity (% of population)","EG.ELC.ACCS.ZS","14.1","19","23.8","28.7","33.5","38.4","42.4","48.3","42.7","43.2","69.1","68","89.5","71.5","97.7","97.7","93.4","97.7","97.7","97.7","85.3",
"Africa Western and Central","AFW","Access to electricity (% of population)","EG.ELC.ACCS.ZS","35.809110964429","39.9602539341217","37.5945022413501","37.9359101368567","39.9529044823027","40.8648618879836","41.8660146613745","42.0024854401026","41.9519903118982","46.0619669218462","44.1865003474968","47.1945030733476","47.7673605462369","46.8624182524845","51.0451271925992","48.9007280475057","51.3358293517534","51.2915769115352","51.8560428463068","54.368598708444","55.6866829669796",
"Angola","AGO","Access to electricity (% of population)","EG.ELC.ACCS.ZS","26.3","27.4","28.4","29.4","30.5","37.5","38.5","33.8","35","34.6","37.3","38.4","32","42","41.8","42.9","45.3","45.6","47","48.2","48.5",
"Albania","ALB","Access to electricity (% of population)","EG.ELC.ACCS.ZS","99.4","99.4","99.4","99.4","99.4","99.4","100","99.6","99.6","99.7","99.9","99.9","100","100","99.9","99.9","100","100","100","100","100",
"Andorra","AND","Access to electricity (% of population)","EG.ELC.ACCS.ZS","100","100","100","100","100","100","100","100","100","100","100","100","100","100","100","100","100","100","100","100","100",
"Arab World","ARB","Access to electricity (% of population)","EG.ELC.ACCS.ZS","81.323622346782","82.3422219013586","82.2795249538868","83.07676744851","85.2843937164942","83.6267638046023","83.2755641606337","84.1597287073639","86.921502593511","87.1726942320297","86.8478669651407","88.9616299190749","88.4067767085653","88.6616431398725","89.1861710572825","90.3510669396465","88.6898406472267","89.9289963083413","90.2417769685806","90.4340947732985","90.6545179070033",
"United Arab Emirates","ARE","Access to electricity (% of population)","EG.ELC.ACCS.ZS","100","100","100","100","100","100","100","100","100","100","100","100","100","100","100","100","100","100","100","100","100",
"Argentina","ARG","Access to electricity (% of population)","EG.ELC.ACCS.ZS","96.1","96.3","96.5","96.7","97","97.2","97.5","97.8","98.8","99","99.1","99.3","100","99.7","99.9","100","100","100","100","100","100",
"Armenia","ARM","Access to electricity (% of population)","EG.ELC.ACCS.ZS","98","99.1","99.1","99.8","99.1","99.2","99.2","99.3","99.8","99.5","99.5","99.4","99.7","100","99.8","99.7","99.9","100","100","100","100",
"American Samoa","ASM","Access to electricity (% of population)","EG.ELC.ACCS.ZS","","","","","","","","","","","","","","","","","","","","","",
"Antigua and Barbuda","ATG","Access to electricity (% of population)","EG.ELC.ACCS.ZS","100","97.9","97.9","92.2","100","100","100","98.5","98.7","94.6","100","100","100","100","100","100","100","100","100","100","100",
"Australia","AUS","Access to electricity (% of population)","EG.ELC.ACCS.ZS","100","100","100","100","100","100","100","100","100","100","100","100","100","100","100","100","100","100","100","100","100",
"Austria","AUT","Access to electricity (% of population)","EG.ELC.ACCS.ZS","100","100","100","100","100","100","100","100","100","100","100","100","100","100","100","100","100","100","100","100","100",
"Azerbaijan","AZE","Access to electricity (% of population)","EG.ELC.ACCS.ZS","100","98.8","99","99.1","99.5","99.5","99.7","99.9","99.9","99.9","100","100","100","100","100","100","100","100","100","100","100",
"Burundi","BDI","Access to electricity (% of population)","EG.ELC.ACCS.ZS","3.1","3.4","3.7","3.2","2.7","4.7","4.8","5.4","5.3","6.2","6.5","6.9","7","7.9","8.5","9.3","9.5","9.8","9.1","10.2","10.3",
"Belgium","BEL","Access to electricity (% of population)","EG.ELC.ACCS.ZS","100","100","100","100","100","100","100","100","100","100","100","100","100","100","100","100","100","100","100","100","100",
"Benin","BEN","Access to electricity (% of population)","EG.ELC.ACCS.ZS","23.4","24.3","25.2","26.1","27.9","28","29","30","34.2","36.9","38.4","34.7","34.1","29.6","37","34.5","39","40","41","42","56.5",
"Burkina Faso","BFA","Access to electricity (% of population)","EG.ELC.ACCS.ZS","9.9","11.4","10.7","11.1","11.6","12","12.5","12.6","13.1","14.8","15.1","15.4","19.2","16.2","16.6","17","14.4","17.6","18.5","19","19.5",
"Bangladesh","BGD","Access to electricity (% of population)","EG.ELC.ACCS.ZS","37.8","40.5","40.6","44.2","50.5","46.5","54.3","57.1","55.3","59.6","65.5","61.5","62.4","74","75.9","88","86.9","92.2","96.2","99","99.4",
"Bulgaria","BGR","Access to electricity (% of population)","EG.ELC.ACCS.ZS","89.1","89.6","90.1","90.6","91.2","91.7","92.3","92.9","93.5","94.1","94.7","95.3","95.9","96.6","97.3","98.1","98.7","99.2","99.7","99.8","100",
"Bahrain","BHR","Access to electricity (% of population)","EG.ELC.ACCS.ZS","100","100","100","100","100","100","100","100","100","100","100","100","100","100","100","100","100","100","100","100","100",
"Bahamas, The","BHS","Access to electricity (% of population)","EG.ELC.ACCS.ZS","100","100","100","100","100","100","100","100","100","100","100","100","100","100","100","100","100","100","100","100","100",
"Bosnia and Herzegovina","BIH","Access to electricity (% of population)","EG.ELC.ACCS.ZS","98.5","99","99.1","99.1","99.4","99.7","99.3","99.4","99.5","99.7","99.7","99.5","99.9","99.7","100","100","100","100","100","100","100",
"Belarus","BLR","Access to electricity (% of population)","EG.ELC.ACCS.ZS","90","90.5","91","91.5","92.1","92.6","93.2","93.8","94.4","95","95.6","96.2","96.8","97.4","98","98.7","99.3","100","100","100","100",
"Belize","BLZ","Access to electricity (% of population)","EG.ELC.ACCS.ZS","81","81.8","82.6","83.5","91","85.2","86.1","86.9","89.9","91.7","90.9","91.1","91.5","91.8","93.3","94.2","91.7","92.7","96.8","97.7","98.6",
"Bermuda","BMU","Access to electricity (% of population)","EG.ELC.ACCS.ZS","100","100","100","100","100","100","100","100","100","100","100","100","100","100","100","100","100","100","100","100","100",
"Bolivia","BOL","Access to electricity (% of population)","EG.ELC.ACCS.ZS","64","72.3","75.9","68.3","76.2","80.2","84.7","86.8","88","88.3","90.4","89.5","90","91.5","91.8","91.8","92.8","95.1","97.2","98.6","99.9",
"Brazil","BRA","Access to electricity (% of population)","EG.ELC.ACCS.ZS","96.7","97","96.8","97.1","97.6","98.1","98.5","98.9","98.6","99.3","99.5","99.6","99.7","99.7","99.7","99.8","99.7","99.8","99.7","99.5","100",
"Barbados","BRB","Access to electricity (% of population)","EG.ELC.ACCS.ZS","100","100","99.9","99.9","100","100","100","100","100","100","100","100","100","100","100","100","100","100","100","100","100",
"Brunei Darussalam","BRN","Access to electricity (% of population)","EG.ELC.ACCS.ZS","100","100","100","100","100","100","100","100","100","100","100","100","100","100","100","100","100","100","100","100","100",
"Bhutan","BTN","Access to electricity (% of population)","EG.ELC.ACCS.ZS","44.1","41.1","51.9","59.8","59.7","71.8","67.6","71.5","73.3","81.8","91.5","87.4","91.4","95.4","99.3","97.7","100","100","100","100","100",
"Botswana","BWA","Access to electricity (% of population)","EG.ELC.ACCS.ZS","27","33.1","35.3","37.5","39.7","41.9","44.5","43.4","52","53.2","56","58","60","62.1","64.2","67.4","68.3","70.1","71.8","73.7","75.9",
"Central African Republic","CAF","Access to electricity (% of population)","EG.ELC.ACCS.ZS","6.1","6.6","7","7.4","7.8","8.4","7.5","9.4","9.8","10.4","11","11.5","12","12.7","13.4","14.1","14.6","14.3","15.4","15.7","15.7",
"Canada","CAN","Access to electricity (% of population)","EG.ELC.ACCS.ZS","100","100","100","100","100","100","100","100","100","100","100","100","100","100","100","100","100","100","100","100","100",
"Central Europe and the Baltics","CEB","Access to electricity (% of population)","EG.ELC.ACCS.ZS","98.1415583203817","98.1907968950416","98.26792983008","98.3206998410279","98.4242817808159","98.5276446395055","98.668856546125","98.8586601186684","98.9644271545097","99.0682987223746","99.2028356897417","99.3084773841306","99.410769462163","99.5384709863299","99.6459138297945","99.8736866830469","99.8763758983526","99.9480349626799","99.98058396497","99.9870121182289","100",
"Switzerland","CHE","Access to electricity (% of population)","EG.ELC.ACCS.ZS","100","100","100","100","100","100","100","100","100","100","100","100","100","100","100","100","100","100","100","100","100",
"Channel Islands","CHI","Access to electricity (% of population)","EG.ELC.ACCS.ZS","100","100","100","100","100","100","100","100","100","100","100","100","100","100","100","100","100","100","100","100","100",
"Chile","CHL","Access to electricity (% of population)","EG.ELC.ACCS.ZS","97.3","98.8","97.5","97.7","99.4","98","98.2","99.6","99.5","99.6","100","99.6","100","99.7","100","99.7","100","100","100","100","100",
"China","CHN","Access to electricity (% of population)","EG.ELC.ACCS.ZS","97.2","97.4","97.7","97.9","98.2","98.5","98.8","99.1","99.7","99.9","99.9","100","100","100","100","100","100","100","100","100","100",
"Cote d'Ivoire","CIV","Access to electricity (% of population)","EG.ELC.ACCS.ZS","51.4","51.5","52.4","58.9","60.2","55.3","60.3","57.3","58.4","55.8","55.8","61.5","61.9","62.6","64.3","65.6","67.1","68.6","69.9","71.1","72",
"Cameroon","CMR","Access to electricity (% of population)","EG.ELC.ACCS.ZS","44","45.1","47.1","47.2","49","48.2","50.6","51.7","52.8","53.7","55.2","56.3","56.8","58.6","59.8","60.9","62.2","63.2","64.3","65.4","71",
"Congo, Dem. Rep.","COD","Access to electricity (% of population)","EG.ELC.ACCS.ZS","7.7","8.3","9","6","10.2","15.2","11.6","12.3","13","13.7","15.4","15.2","13.5","16.6","17.3","18","18.7","19.1","20.1","20.8","21.5",
"Congo, Rep.","COG","Access to electricity (% of population)","EG.ELC.ACCS.ZS","31.2","32.1","33","33.8","34.9","35.8","36.8","37.1","40","40.8","41.6","42.5","43.4","44.3","45.3","46.2","47","47.7","48.7","49.7","50.6",
"Colombia","COL","Access to electricity (% of population)","EG.ELC.ACCS.ZS","94.9","95.1","95.3","96.8","95.7","96","96.8","96.1","96.8","96.7","97","97.8","97.8","98.2","98.4","98.5","98.5","99.4","99.7","100","100",
"Comoros","COM","Access to electricity (% of population)","EG.ELC.ACCS.ZS","44.8","46.5","48.7","51","53.2","55.5","57.8","60.1","69.7","69.3","69.3","69.4","71.8","74.1","76.4","78.7","81","83.3","85.6","87.9","89.9",
"Cabo Verde","CPV","Access to electricity (% of population)","EG.ELC.ACCS.ZS","58.6","63.7","65.4","67","68.8","70.5","72.3","74.1","81.1","82.3","83.2","84.3","85.3","86.4","87.5","88.6","90.2","91.4","93.7","95.5","97.1",
"Costa Rica","CRI","Access to electricity (% of population)","EG.ELC.ACCS.ZS","98.5","98.7","99","99.1","99.1","99.2","99.3","99.4","99","99.2","99.5","99.6","99.4","99.4","99.5","99.6","99.7","99.7","99.9","100","100",
"Caribbean small states","CSS","Access to electricity (% of population)","EG.ELC.ACCS.ZS","90.809112704402","91.0018718387357","91.2894647290611","90.8157874812198","91.9463978625702","93.0816054727479","93.4441294061576","92.9152943922676","94.1815124594599","94.1276818467132","95.2543113839721","95.5637395418446","95.8432196458407","96.2001948453372","96.6656867832991","97.0542900594117","97.0878277080481","97.3685903913769","97.9333626877032","98.174699090255","98.3064221501297",
"Cuba","CUB","Access to electricity (% of population)","EG.ELC.ACCS.ZS","95.5","96.5","96.6","96.8","96.9","97.1","97.3","97.6","97.8","98","98.3","98.5","98.7","99","99.2","99.4","99.6","99.8","99.9","100","100",
"Curacao","CUW","Access to electricity (% of population)","EG.ELC.ACCS.ZS","99.9","99.8","99.8","99.7","99.7","99.7","99.7","99.7","100","100","100","100","100","100","100","100","100","100","100","100","100",
"Cayman Islands","CYM","Access to electricity (% of population)","EG.ELC.ACCS.ZS","100","100","100","100","100","100","100","100","100","100","100","100","100","100","100","100","100","100","100","100","100",
"Cyprus","CYP","Access to electricity (% of population)","EG.ELC.ACCS.ZS","100","100","100","100","100","100","100","100","100","100","100","100","100","100","100","100","100","100","100","100","100",
"Czechia","CZE","Access to electricity (% of population)","EG.ELC.ACCS.ZS","100","100","100","100","100","100","100","100","100","100","100","100","100","100","100","100","100","100","100","100","100",
"Germany","DEU","Access to electricity (% of population)","EG.ELC.ACCS.ZS","100","100","100","100","100","100","100","100","100","100","100","100","100","100","100","100","100","100","100","100","100",
"Djibouti","DJI","Access to electricity (% of population)","EG.ELC.ACCS.ZS","49.7","56.4","56.6","56.8","55.5","57.2","57.4","57.6","57.9","58.1","54.6","58.6","58.9","59.1","59.8","60.2","62.4","64.7","64.5","65.4","65",
"Dominica","DMA","Access to electricity (% of population)","EG.ELC.ACCS.ZS","87.7","84","85","86","87","88.1","90.9","90.2","91.3","90.1","93.5","94.6","95.7","96.7","97.8","98.9","99.6","99.9","100","100","100",
"Denmark","DNK","Access to electricity (% of population)","EG.ELC.ACCS.ZS","100","100","100","100","100","100","100","100","100","100","100","100","100","100","100","100","100","100","100","100","100",
"Dominican Republic","DOM","Access to electricity (% of population)","EG.ELC.ACCS.ZS","89.7","89.2","90.3","90.1","90.1","96.9","97.6","97.9","98.1","97.9","97.9","98.4","98.5","98.6","98.9","100","98.9","99","100","98.1","98.1",
"Algeria","DZA","Access to electricity (% of population)","EG.ELC.ACCS.ZS","98.6","98.6","98.6","98.6","98.7","98.7","99.3","98.8","98.9","99","98.8","99.2","99.3","99.4","99.4","99.5","99.6","99.5","99.7","99.8","100",
"East Asia & Pacific (excluding high income)","EAP","Access to electricity (% of population)","EG.ELC.ACCS.ZS","92.1532731163709","92.3780477719541","93.2660680387974","92.8453003628586","94.0414555134156","94.0513892360771","94.6719310490636","94.4276339127764","95.0553706554353","95.5816815305151","95.7951654492221","96.0928535168264","96.2740993565598","96.621825072807","96.7165341917277","97.4453072983769","97.4123829747175","97.650096061791","97.5651849682476","97.9599209910295","98.0273720891056",
"Early-demographic dividend","EAR","Access to electricity (% of population)","EG.ELC.ACCS.ZS","69.1513339520849","70.8824068395399","71.1114199587976","72.7507806716199","73.7999828808332","75.6550383386468","77.4007795197428","78.2884199644018","79.3901895116688","81.1499828644284","82.0524632421742","83.7993125754694","84.7520088398511","86.8271544642577","88.3494481253503","90.5086728796454","91.9927109222765","92.7976553013369","93.4557810564297","95.2423338887017","95.1575744950744",
"East Asia & Pacific","EAS","Access to electricity (% of population)","EG.ELC.ACCS.ZS","92.9648557230822","93.1629584469729","93.9563207271355","93.575146301846","94.6471577043934","94.6545403732641","95.2110838673573","94.9833280630479","95.5468324754052","96.0189473952987","96.2092457835614","96.4756466990083","96.6375595761929","96.9500599621312","97.0343965831866","97.6915359289014","97.66096406877","97.8752558067352","97.7976209735392","98.1534259112018","98.2139294845074",
"Europe & Central Asia (excluding high income)","ECA","Access to electricity (% of population)","EG.ELC.ACCS.ZS","99.1500165934793","99.1484918236264","99.1355245420636","99.2594569491161","99.2193080062367","99.3389908321698","99.3776072797545","99.4485621601137","99.6086224547018","99.6174754229201","99.6946672318581","99.7287097301268","99.7848774628825","99.7678045733197","99.8659864314842","99.9182755845423","99.942132117979","99.9658141442747","99.9774582582236","99.9616957885645","99.9915985600711",
"Europe & Central Asia","ECS","Access to electricity (% of population)","EG.ELC.ACCS.ZS","99.203941671041","99.2130325995693","99.2390073501008","99.2799004349739","99.3013594788162","99.3630803564705","99.4080961406283","99.4661685766657","99.6654425126626","99.6639027646677","99.8281948083972","99.849525767107","99.8761529479369","99.1679175208408","99.8290047803703","99.9641328914888","99.9707916312359","99.9534668613782","99.9760354715535","99.9881972354746","99.9977335844549",
"Ecuador","ECU","Access to electricity (% of population)","EG.ELC.ACCS.ZS","94.2","95","94.8","95.8","96.3","96.8","97.2","96.5","97.5","96.9","97.2","98","99","98.8","98.7","99.2","98.7","99.1","98.9","100","100",
"Egypt, Arab Rep.","EGY","Access to electricity (% of population)","EG.ELC.ACCS.ZS","97.5","98.8","97.8","99.4","99","98.4","99.8","98.9","99.4","99.4","99.7","99.9","99.8","99.3","100","100","100","100","100","100","100",
"Euro area","EMU","Access to electricity (% of population)","EG.ELC.ACCS.ZS","99.9923040847624","99.9924104678383","99.9905592807387","99.9891180707919","99.9873358295859","99.9897388322153","99.9924120987328","99.9953505242731","99.9960449134606","99.9961207318092","100","100","100","100","100","100","100","100","100","100","100",
"Eritrea","ERI","Access to electricity (% of population)","EG.ELC.ACCS.ZS","32.2","32.4","33.4","34.5","35.6","36.7","37.8","38.9","40.1","41.2","42.3","43.5","44.6","45.8","46.9","48","49.1","50.3","51.4","52.5","53.4",
"Spain","ESP","Access to electricity (% of population)","EG.ELC.ACCS.ZS","100","100","100","100","100","100","100","100","100","100","100","100","100","100","100","100","100","100","100","100","100",
"Estonia","EST","Access to electricity (% of population)","EG.ELC.ACCS.ZS","100","100","100","100","100","100","100","100","100","100","100","100","100","100","100","100","100","100","100","100","100",
"Ethiopia","ETH","Access to electricity (% of population)","EG.ELC.ACCS.ZS","11.9","13.5","15.2","14","18.6","20.3","22","23.7","25.5","23","29","30.8","27.2","29","42.9","44.3","44.8","48","51.1","54.2","55.4",
"European Union","EUU","Access to electricity (% of population)","EG.ELC.ACCS.ZS","99.5387158579328","99.5539907205916","99.5758248331858","99.5913707294114","99.6188396472415","99.6464075255034","99.6825303996653","99.7290075706151","99.7553972530963","99.7801178323542","99.8125886995878","99.8381173752727","99.8626029552248","99.8929116032593","99.9182637194093","99.9709724278479","99.9717275681447","99.9881556120147","99.9956022901904","99.9970834145942","100",
"Fragile and conflict affected situations","FCS","Access to electricity (% of population)","EG.ELC.ACCS.ZS","41.4924612334799","43.2768923134386","42.5868036237734","42.6845466464356","44.1300397901622","44.9119118754016","44.6504432881769","45.6795981324411","45.9924926486261","47.8710522136076","48.8909209673482","50.5937760008476","49.9837325368256","50.0432237711859","54.1757718946072","54.5377495544254","54.5154686576955","55.4514164250793","56.3010490504136","57.8332255929662","57.9458706435872",
"Finland","FIN","Access to electricity (% of population)","EG.ELC.ACCS.ZS","100","100","100","100","100","100","100","100","100","100","100","100","100","100","100","100","100","100","100","100","100",
"Fiji","FJI","Access to electricity (% of population)","EG.ELC.ACCS.ZS","79.6","80","80.6","81.6","82.6","88.9","86.2","85.6","92.4","92.5","92.6","91.8","93","93.2","93.4","96","95.1","96.1","97.1","92.1","92",
"France","FRA","Access to electricity (% of population)","EG.ELC.ACCS.ZS","100","100","100","100","100","100","100","100","100","100","100","100","100","100","100","100","100","100","100","100","100",
"Faroe Islands","FRO","Access to electricity (% of population)","EG.ELC.ACCS.ZS","100","100","100","100","100","100","100","100","100","100","100","100","100","100","100","100","100","100","100","100","100",
"Micronesia, Fed. Sts.","FSM","Access to electricity (% of population)","EG.ELC.ACCS.ZS","50.1","51.8","53.5","55.2","57","58.7","60.5","62.2","64.5","66.3","67.8","69.4","71.2","73","74.8","76.5","78.3","80.1","81.9","83.6","85.3",
"Gabon","GAB","Access to electricity (% of population)","EG.ELC.ACCS.ZS","77.8","78.5","79.2","81.6","80.5","81.3","82","82.7","89.3","88.7","89.3","86.4","87.1","87.3","88.1","86.3","89.6","90.3","91.1","91.8","93.5",
"United Kingdom","GBR","Access to electricity (% of population)","EG.ELC.ACCS.ZS","100","100","100","100","100","100","100","100","100","100","100","100","100","100","100","100","100","100","100","100","100",
"Georgia","GEO","Access to electricity (% of population)","EG.ELC.ACCS.ZS","99.9","100","99.9","97.9","100","100","100","100","100","100","100","100","100","100","100","100","99.9","100","100","100","100",
"Ghana","GHA","Access to electricity (% of population)","EG.ELC.ACCS.ZS","46.8","48.3","50.8","41.3","55.1","56.9","60.5","61.1","64.2","64.1","56.5","70.7","78.3","74","79.3","79","80.4","83.5","85.4","86.3","85.1",
"Gibraltar","GIB","Access to electricity (% of population)","EG.ELC.ACCS.ZS","99.8","99.8","99.7","99.7","99.7","99.7","99.7","100","100","99.8","99.9","99.9","99.9","100","100","100","100","100","100","100","100",
"Guinea","GIN","Access to electricity (% of population)","EG.ELC.ACCS.ZS","17.7","18.9","20.2","20.2","22.8","24.1","25.4","26.7","28.1","29.5","26.2","32.2","33.5","34.9","33.5","35.4","45","42.2","44.7","46.8","47.7",
"Gambia, The","GMB","Access to electricity (% of population)","EG.ELC.ACCS.ZS","31.5","27.8","34.8","30.5","38.1","39.8","41.5","43.2","46.8","48.3","49.9","51.5","53","54.7","56.4","56.2","60.3","62.1","62.2","63.7","65.4",
"Guinea-Bissau","GNB","Access to electricity (% of population)","EG.ELC.ACCS.ZS","1.3","2.6","3.9","5.2","14.5","7.9","9.3","4.7","6","13.5","14.9","16.3","17.2","20.1","22.9","26","28.4","30.9","33.4","35.8","37.4",
"Equatorial Guinea","GNQ","Access to electricity (% of population)","EG.ELC.ACCS.ZS","64.9","64.9","64.9","65","65.1","65.1","65.2","65.4","66.1","66.1","65.7","65.9","66","66.1","66.2","66.4","66.5","66.6","66.7","66.8","67",
"Greece","GRC","Access to electricity (% of population)","EG.ELC.ACCS.ZS","100","100","100","100","100","100","100","100","100","100","100","100","100","100","100","100","100","100","100","100","100",
"Grenada","GRD","Access to electricity (% of population)","EG.ELC.ACCS.ZS","86.6","86.9","87.2","87.5","87.9","88.2","90","89","89.4","88.8","90.2","90.6","91","91.4","91.8","92.2","92.3","93","93.4","93.7","94.2",
"Greenland","GRL","Access to electricity (% of population)","EG.ELC.ACCS.ZS","100","100","100","100","100","100","100","100","100","100","100","100","100","100","100","100","100","100","100","100","100",
"Guatemala","GTM","Access to electricity (% of population)","EG.ELC.ACCS.ZS","78.7","78.5","77.2","78.3","83.7","80.7","81.9","83.1","84.3","84","86.8","88.1","85.5","90.5","91.8","93.3","94.2","95.4","96.6","97.9","99.1",
"Guam","GUM","Access to electricity (% of population)","EG.ELC.ACCS.ZS","100","100","100","100","100","100","100","100","100","100","100","100","100","100","100","100","100","100","100","100","100",
"Guyana","GUY","Access to electricity (% of population)","EG.ELC.ACCS.ZS","75.7","76.2","76.8","77.5","73.4","78.5","79.1","77.6","83.3","84.2","85.1","86","86.9","88","89","90","90.9","91.6","92.3","92.9","93",
"High income","HIC","Access to electricity (% of population)","EG.ELC.ACCS.ZS","99.4863294366507","99.5284253858734","99.5231891566816","99.5332329224938","99.5844244136188","99.5944463812784","99.625104814071","99.6724365105225","99.7818510676906","99.7844276068209","99.8951446927905","99.8987384599918","99.9172074403547","99.4412560096797","99.8749399241358","99.9597217667473","99.9626510693694","99.9496100076165","99.9683063767907","99.9798913047978","99.9798075119101",
"Hong Kong SAR, China","HKG","Access to electricity (% of population)","EG.ELC.ACCS.ZS","100","100","100","100","100","100","100","100","100","100","100","100","100","100","100","100","100","100","100","100","100",
"Honduras","HND","Access to electricity (% of population)","EG.ELC.ACCS.ZS","63.1","65.1","67.1","68.9","71.3","73.5","76.4","78.3","81","82.2","83.6","87.2","88.7","90","91.6","86.5","91.6","91.1","93.1","94.1","94.4",
"Heavily indebted poor countries (HIPC)","HPC","Access to electricity (% of population)","EG.ELC.ACCS.ZS","19.4035785911305","20.8722972088871","21.919398023812","21.6656070263309","24.2970552406841","25.8477550274109","25.8037471371516","27.0246119888698","28.679431301834","29.1718396828583","31.8979660493501","32.8873110453621","35.3432938741151","35.4532334232963","40.5879143859095","41.4761400082642","43.9780559155511","45.0224569328403","46.3405988685198","48.0199412207435","48.7171277289384",
"Croatia","HRV","Access to electricity (% of population)","EG.ELC.ACCS.ZS","100","100","99.9","99.9","99.8","99.8","100","100","100","100","100","100","100","100","100","100","100","100","100","100","100",
"Haiti","HTI","Access to electricity (% of population)","EG.ELC.ACCS.ZS","33.1","31.6","34.1","34.5","33.9","35.5","36.1","36.6","37.2","37.8","37.9","38.9","39.6","40.8","40.4","43.3","44.4","45.4","46.3","47.2","49.3",
"Hungary","HUN","Access to electricity (% of population)","EG.ELC.ACCS.ZS","100","100","100","99.9","99.9","100","100","100","100","100","100","100","100","100","100","100","100","100","100","100","100",
"IBRD only","IBD","Access to electricity (% of population)","EG.ELC.ACCS.ZS","85.5983613837498","86.5581956902272","86.7184905424753","87.7333227566687","88.1680891466254","89.3242121638932","90.1665294008948","90.6731762332911","91.4540571407596","92.5084956175417","92.7692119263878","93.7821327084792","94.4240103434686","95.1769594240917","95.8365322168499","96.6042148520085","97.7499653898216","97.8773248174052","98.0571962882859","99.1094752326088","98.968725687628",
"IDA & IBRD total","IBT","Access to electricity (% of population)","EG.ELC.ACCS.ZS","75.0793291008235","76.1346447409064","76.1444536080495","77.0597690009746","77.8552266546228","78.6119806911976","79.4533189795659","79.9501521552814","80.6491330581852","81.9189102960738","82.4358050935711","83.3595477748558","83.9398078275625","84.8024544878936","86.1983723126675","87.1785097355699","88.2034422006694","88.5722806366607","88.9121524281995","90.0204511080977","89.9618614552927",
"IDA total","IDA","Access to electricity (% of population)","EG.ELC.ACCS.ZS","38.6836576750573","40.5370390219668","40.4881193660397","41.5224300100053","43.9691700385374","44.2109151672772","45.5166817282672","46.4303387780008","47.3155875679755","49.6621142107405","51.3189495560506","52.2817303551995","53.0005784584853","54.5223994493809","58.3948761048664","60.3179355432413","61.3544488370868","62.769644320149","63.9370743593769","65.598211852635","66.1569043335558",
"IDA blend","IDB","Access to electricity (% of population)","EG.ELC.ACCS.ZS","57.4182135042788","60.0952816511328","59.1432742468789","60.2242112828434","61.1269826223225","62.3043148414168","63.3309391549099","63.1155416562242","63.9547486455891","68.0498486783031","67.7534282751763","69.2012849039335","68.4749901174028","68.7868324940631","72.5460349141719","71.6466137332559","73.151878223369","73.9089088089712","74.4924621989682","76.4698873250238","77.0721324965067",
"Indonesia","IDN","Access to electricity (% of population)","EG.ELC.ACCS.ZS","87.6","87.9","89","84.8","90.6","91.1","92.7","93.6","94.2","94.8","96","96.5","97","97.5","97.6","98.1","98.5","98.9","97","99.2","100",
"IDA only","IDX","Access to electricity (% of population)","EG.ELC.ACCS.ZS","28.5015689211888","29.8984638542453","30.3187820346722","31.3066620418745","34.5806985469341","34.4168942603711","35.8391531336874","37.3351272716701","38.2163645640414","39.5865729644305","42.3080291510044","42.9979384611427","44.5118966979033","46.705998397654","50.6602264813623","54.1427240952534","54.9412739063695","56.734623782158","58.2365188467346","59.7411600659608","60.2901358794059",
"Isle of Man","IMN","Access to electricity (% of population)","EG.ELC.ACCS.ZS","100","100","100","100","100","100","100","100","100","100","100","100","100","100","100","100","100","100","100","100","100",
"India","IND","Access to electricity (% of population)","EG.ELC.ACCS.ZS","62.3","65.4","64.4","68.8","67.9","72.3","74.1","75","76.3","79.5","79.9","83.1","85.1","88","89.6","91.8","95.7","95.9","96.5","99.6","99.2",
"Not classified","INX","Access to electricity (% of population)","EG.ELC.ACCS.ZS","","","","","","","","","","","","","","","","","","","","","",
"Ireland","IRL","Access to electricity (% of population)","EG.ELC.ACCS.ZS","100","100","100","100","100","100","100","100","100","100","100","100","100","100","100","100","100","100","100","100","100",
"Iran, Islamic Rep.","IRN","Access to electricity (% of population)","EG.ELC.ACCS.ZS","98.1","98.2","98.3","98.4","98.4","98.7","98.8","99.7","99.4","99.5","99.5","99.8","100","100","100","99.9","100","100","100","100","100",
"Iraq","IRQ","Access to electricity (% of population)","EG.ELC.ACCS.ZS","97.1","97.2","97.3","97.4","97.6","98.1","97.9","98.1","98.4","98","99.3","99","99.2","99.4","99.7","99.9","99.9","100","100","100","100",
"Iceland","ISL","Access to electricity (% of population)","EG.ELC.ACCS.ZS","100","100","100","100","100","100","100","100","100","100","100","100","100","100","100","100","100","100","100","100","100",
"Israel","ISR","Access to electricity (% of population)","EG.ELC.ACCS.ZS","100","100","100","100","100","100","100","100","100","100","100","100","100","100","100","100","100","100","100","100","100",
"Italy","ITA","Access to electricity (% of population)","EG.ELC.ACCS.ZS","100","100","100","100","100","100","100","100","100","100","100","100","100","100","100","100","100","100","100","100","100",
"Jamaica","JAM","Access to electricity (% of population)","EG.ELC.ACCS.ZS","86.7","86.5","87.2","88","88.7","89.4","92","91","92.2","91.1","93.1","93.9","93.3","94.9","96.6","97.4","98.2","98.9","99.7","100","100",
"Jordan","JOR","Access to electricity (% of population)","EG.ELC.ACCS.ZS","99.5","99","99.2","99","100","98.8","100","99.4","100","99.6","99.5","99.7","99.8","99.9","100","100","99.9","99.9","99.9","99.9","100",
"Japan","JPN","Access to electricity (% of population)","EG.ELC.ACCS.ZS","100","100","100","100","100","100","100","100","100","100","100","100","100","100","100","100","100","100","100","100","100",
"Kazakhstan","KAZ","Access to electricity (% of population)","EG.ELC.ACCS.ZS","99.8","99.9","100","100","99.8","100","100","100","100","99.8","100","100","100","100","100","100","100","100","100","100","100",
"Kenya","KEN","Access to electricity (% of population)","EG.ELC.ACCS.ZS","18.9","16","22.6","24.5","26.4","28.3","30.3","23","19.2","36.2","38.1","40.1","36","41.6","53.1","55.8","61.2","69.7","71.5","76.5","76",
"Kyrgyz Republic","KGZ","Access to electricity (% of population)","EG.ELC.ACCS.ZS","100","99.4","99.3","99.4","98.9","99.5","99.5","99.5","99","98.3","99.8","98.9","99.8","98.7","99.7","100","100","99.9","99.9","99.7","99.7",
"Cambodia","KHM","Access to electricity (% of population)","EG.ELC.ACCS.ZS","13.1","19.3","14.2","20.5","27.5","20.2","26.4","25.6","31.1","37.4","42.3","50.9","56.1","62.7","68.8","89.1","80.7","84","86.4","82.5","92.3",
"Kiribati","KIR","Access to electricity (% of population)","EG.ELC.ACCS.ZS","59","60.7","62.4","69.7","68.8","67.7","69.4","64.2","63.2","74.9","76.7","78.8","83.4","90.6","92.6","85.7","87.5","89.3","91","92.8","94.4",
"St. Kitts and Nevis","KNA","Access to electricity (% of population)","EG.ELC.ACCS.ZS","95.8","96","96.3","96.5","96.7","97","97.3","97.6","99.8","100","100","100","100","100","100","100","100","100","100","100","100",
"Korea, Rep.","KOR","Access to electricity (% of population)","EG.ELC.ACCS.ZS","100","100","100","100","100","100","100","100","100","100","100","100","100","100","100","100","100","100","100","100","100",
"Kuwait","KWT","Access to electricity (% of population)","EG.ELC.ACCS.ZS","100","100","100","100","100","100","100","100","100","100","100","100","100","100","100","100","100","100","100","100","100",
"Latin America & Caribbean (excluding high income)","LAC","Access to electricity (% of population)","EG.ELC.ACCS.ZS","92.0423596677612","92.2645525611602","92.689959545234","93.04014702185","93.7685069423419","94.0663055310297","94.8911389721167","95.0660550330478","95.5656140241754","95.9136719967164","96.2882383879193","96.6272723274953","96.7821493871975","97.0444842543207","97.2783725152738","97.5494520001496","97.5550235798694","97.83219501534","97.9857774825804","98.1210875680183","98.4626020716217",
"Lao PDR","LAO","Access to electricity (% of population)","EG.ELC.ACCS.ZS","46.3","48","53.5","57.2","57","55","66","67.4","70.2","70","76.4","79.3","82.5","89.7","89","93.6","92.9","98.4","99.3","100","100",
"Lebanon","LBN","Access to electricity (% of population)","EG.ELC.ACCS.ZS","99.3","99.2","99.9","99.2","99.4","97.8","99.9","99.3","99.5","99.7","99.5","99.6","99.7","99.7","99.8","99.9","99.7","100","100","100","100",
"Liberia","LBR","Access to electricity (% of population)","EG.ELC.ACCS.ZS","","","","","","3","1.3","1.9","5.3","4.1","9.3","9.8","9.4","15.2","17.7","24.2","22.8","23.1","27.6","29.8","31.8",
"Libya","LBY","Access to electricity (% of population)","EG.ELC.ACCS.ZS","95.2","93.5","91.8","90.1","88.4","86.8","85.1","83.5","81.9","80.3","78.7","77.1","75.5","73.8","72.2","70.6","67","68.5","69.4","70.2","70",
"St. Lucia","LCA","Access to electricity (% of population)","EG.ELC.ACCS.ZS","87.7","88.5","89.3","90.1","90.9","91.8","92.7","93.5","94.2","95.4","95.3","97.2","98.1","99","99.8","99.9","100","100","100","100","100",
"Latin America & Caribbean","LCN","Access to electricity (% of population)","EG.ELC.ACCS.ZS","92.655446118845","92.7384088334582","93.2191410103356","93.5227442363083","94.2593346225013","94.4765421959323","95.2230808289009","95.4266624028369","95.8790049109191","96.1841031200508","96.569234553016","96.8646822286805","97.0540254170861","97.2847276074314","97.4783821342287","97.7105992174177","97.756715207991","97.9982113870485","98.1499927593075","98.2756263670975","98.5788713656589",
"Least developed countries: UN classification","LDC","Access to electricity (% of population)","EG.ELC.ACCS.ZS","22.9818079125835","24.5199238268639","24.9097194152985","26.2711807463561","29.1393924235058","29.352471209982","30.7412938067805","32.1444306248649","33.0164522875585","34.4991777686772","37.8232434782994","38.2306245326965","39.4878234772477","42.3127281274977","46.3458332429442","50.2044940868735","51.0874202600401","52.8787122662405","54.4736840146264","56.1055373553461","56.7383129284796",
"Low income","LIC","Access to electricity (% of population)","EG.ELC.ACCS.ZS","18.6181369987831","20.3661253899854","20.9581597602251","20.9225715260673","22.9522639867575","24.4183216636459","23.4447318784019","24.9584480599723","26.4471371996466","27.6664094687004","30.0776466504548","31.0725397139029","33.4716403056895","33.0702183882953","36.4336124161591","38.1792563861523","39.6838027900568","40.7021444975815","41.7368456716846","43.015465793649","43.0060882829376",
"Liechtenstein","LIE","Access to electricity (% of population)","EG.ELC.ACCS.ZS","100","100","100","100","100","100","100","100","100","100","100","100","100","100","100","100","100","100","100","100","100",
"Sri Lanka","LKA","Access to electricity (% of population)","EG.ELC.ACCS.ZS","80.7","75","76.5","78.1","82.1","80","82.9","87.1","85.3","87.8","87","90.2","92.7","94.3","97.5","97.5","99.6","99.8","100","100","100",
"Lower middle income","LMC","Access to electricity (% of population)","EG.ELC.ACCS.ZS","60.3261071760978","62.7214572996984","62.5400415902315","65.248435602704","65.9772207361908","67.9437721090107","69.8332089052172","70.5839666200194","71.6877391821018","74.603675894421","75.1540848733681","77.1188804443074","78.2897096917029","80.658695354603","82.7167145232316","84.659238704957","86.9121805698534","87.6135221862236","88.3804143922632","90.555734236785","90.5768405981587",
"Low & middle income","LMY","Access to electricity (% of population)","EG.ELC.ACCS.ZS","74.8149999966792","75.9629674314024","75.9638782207172","76.9875686095956","77.7787032314499","78.5860233254477","79.4746201146453","79.7439424772855","80.4697385791145","81.8904976048903","82.3435621408737","83.3208017096328","84.0200906499771","85.0407298728813","86.2060872767977","87.2282354384385","88.327136631984","88.6908340811204","89.0162880643788","90.1524934389007","90.0932695913657",
"Lesotho","LSO","Access to electricity (% of population)","EG.ELC.ACCS.ZS","3.4","5.4","6.8","9.6","9.7","13.9","16","17","17","22.5","20.6","26.9","27.8","31.8","35.1","33.7","47","44.6","47.5","50.4","50",
"Late-demographic dividend","LTE","Access to electricity (% of population)","EG.ELC.ACCS.ZS","96.2537074525688","96.4557227481915","96.7359835008107","97.1664597205879","97.8894700699554","97.6286750102813","97.9949263472304","97.6887829474675","98.3525114394724","98.6260218375387","98.7122102612766","98.8980026570932","99.0043906618323","98.7803025039947","99.1164140922572","99.2721741521305","99.2807572971817","99.3290603456492","99.3869408855182","99.4116997820502","99.4771881862167",
"Lithuania","LTU","Access to electricity (% of population)","EG.ELC.ACCS.ZS","99.4","99.4","99.4","99.4","99.4","99.4","99.4","99.5","99.7","99.7","100","100","100","100","100","100","100","100","100","100","100",
"Luxembourg","LUX","Access to electricity (% of population)","EG.ELC.ACCS.ZS","100","100","100","100","100","100","100","100","100","100","100","100","100","100","100","100","100","100","100","100","100",
"Latvia","LVA","Access to electricity (% of population)","EG.ELC.ACCS.ZS","99.8","99.8","99.7","99.7","99.6","99.7","99.7","100","99.8","99.8","100","100","100","100","100","100","100","100","100","100","100",
"Macao SAR, China","MAC","Access to electricity (% of population)","EG.ELC.ACCS.ZS","100","100","100","100","100","100","100","100","100","100","100","100","100","100","100","100","100","100","100","100","100",
"St. Martin (French part)","MAF","Access to electricity (% of population)","EG.ELC.ACCS.ZS","99.9","99.8","99.8","99.7","99.7","99.7","99.7","99.7","100","100","100","100","100","100","100","100","100","100","100","100","100",
"Morocco","MAR","Access to electricity (% of population)","EG.ELC.ACCS.ZS","73.3","75.1","78.2","78.6","96.5","82.2","84.1","85.9","95.7","96.1","96.4","97.2","97.3","97.3","97.8","100","98.1","99.6","100","100","100",
"Monaco","MCO","Access to electricity (% of population)","EG.ELC.ACCS.ZS","100","100","100","100","100","100","100","100","100","100","100","100","100","100","100","100","100","100","100","100","100",
"Moldova","MDA","Access to electricity (% of population)","EG.ELC.ACCS.ZS","99","98.8","99.1","98.6","98.9","99","99.1","99.2","99.3","99.4","99.5","99.6","99.8","99.9","99.9","100","100","100","100","100","100",
"Madagascar","MDG","Access to electricity (% of population)","EG.ELC.ACCS.ZS","14","20.3","15.3","16","16.8","17.5","18.3","17.4","12.3","14.3","18.7","12.9","23","23.8","22.9","24.1","36.5","31","32","35.1","36.1",
"Maldives","MDV","Access to electricity (% of population)","EG.ELC.ACCS.ZS","88.3","89.1","90","90.9","91.7","92.6","93.6","99.9","99","99.1","99.2","99.4","100","99.8","100","99.8","100","100","100","100","100",
"Middle East, North Africa, Afghanistan & Pakistan","MEA","Access to electricity (% of population)","EG.ELC.ACCS.ZS","83.6085979368698","84.5846166554136","84.9804101170533","85.9579036662094","87.6565823004563","87.15191140522","88.0946609813966","88.74034285556","90.5608198614909","90.7761559347102","91.8541213665319","93.1479690416445","94.0320956677215","93.4360655461117","95.158764819742","96.0012431691978","94.9706861712286","96.0087072984601","96.2621204422818","96.4166690553693","95.8637945014964",
"Mexico","MEX","Access to electricity (% of population)","EG.ELC.ACCS.ZS","97.9","97.4","98.6","98.9","99.1","97.9","98.9","98.3","99.2","99","99.1","99.1","99.2","99","99.5","100","99.5","99.6","99.4","100","100",
"Marshall Islands","MHL","Access to electricity (% of population)","EG.ELC.ACCS.ZS","71.5","72.9","74.3","75.7","77.2","72.3","80.2","81.7","89.4","89.9","90.4","90.9","91.5","92.1","92.7","93.8","95.3","96.8","98.3","99.8","100",
"Middle income","MIC","Access to electricity (% of population)","EG.ELC.ACCS.ZS","78.5549158338106","79.7289717841543","79.7506013869186","80.9114618782945","81.685538137335","82.6476038900689","83.7498298248935","84.2668974741851","84.9999537271052","86.5077282234945","86.85665915497","87.8879932539697","88.4909849365417","89.696086196752","90.7294390156023","91.7562111955483","92.8952431856606","93.2814184125754","93.6247477128748","94.8336785108119","94.8582120089906",
"North Macedonia","MKD","Access to electricity (% of population)","EG.ELC.ACCS.ZS","99","99","99.4","99.1","99","99.1","99.2","99.2","99.5","99.7","99.6","99.7","99.8","99.9","100","100","99.8","100","100","100","100",
"Mali","MLI","Access to electricity (% of population)","EG.ELC.ACCS.ZS","13","14.7","16.4","18.2","16.6","21.7","23.4","24","27","28.8","25.6","32.4","34.2","37.6","38.8","34.8","50.9","47.9","50.6","53.4","53",
"Malta","MLT","Access to electricity (% of population)","EG.ELC.ACCS.ZS","100","100","100","100","100","100","100","100","100","100","100","100","100","100","100","100","100","100","100","100","100",
"Myanmar","MMR","Access to electricity (% of population)","EG.ELC.ACCS.ZS","47","45.1","46.2","47.3","48.4","49.5","50.6","51.8","48.8","54.1","55.3","56.5","52","60.5","55.6","69.8","66.1","68.3","70.4","72.5","73.6",
"Middle East, North Africa, Afghanistan & Pakistan (excluding high income)","MNA","Access to electricity (% of population)","EG.ELC.ACCS.ZS","82.4339201108434","83.4603130572668","83.867411215778","84.9004337403584","86.7067349035165","86.1326479228012","87.1227921210742","87.8019637831563","89.7853987089534","90.0032683061914","91.1539591115329","92.5410186202545","93.4955408707137","92.8277634911895","94.704907124104","95.6230221837644","94.5093636648155","95.6437471934695","95.9173702775193","96.0956018888668","95.483714372763",
"Montenegro","MNE","Access to electricity (% of population)","EG.ELC.ACCS.ZS","99","99","99","99.8","99","99","99","99.1","99.2","99","99.3","99.7","97.7","99.5","99.6","100","100","100","99.9","99.8","100",
"Mongolia","MNG","Access to electricity (% of population)","EG.ELC.ACCS.ZS","72.8","76.3","74.8","86.2","77","78.1","79.2","80.3","78.5","72.1","83.7","81.2","86","88","90.8","93.6","98.1","98.9","99.5","100","100",
"Northern Mariana Islands","MNP","Access to electricity (% of population)","EG.ELC.ACCS.ZS","99.9","99.9","99.8","99.8","99.7","100","100","100","100","100","100","100","100","100","100","100","100","100","100","100","100",
"Mozambique","MOZ","Access to electricity (% of population)","EG.ELC.ACCS.ZS","8.4","8.1","10.7","11.8","13","12.4","13.6","15","18.9","20.2","21.2","22.4","24.8","24","26.2","24.3","31.1","29.7","30.6","31.5","33.2",
"Mauritania","MRT","Access to electricity (% of population)","EG.ELC.ACCS.ZS","21.7","23","24.3","18.2","27","33","30","31.1","34.2","35.3","36.4","37.6","38.8","39.5","41.2","42.9","43.6","44.9","45.4","47.7","49",
"Mauritius","MUS","Access to electricity (% of population)","EG.ELC.ACCS.ZS","99.4","99.1","99","99","99","99","99","99","99.4","99.6","99.4","99.4","99.5","99.6","99.7","99.6","99.8","100","99.5","99.6","100",
"Malawi","MWI","Access to electricity (% of population)","EG.ELC.ACCS.ZS","5.6","6.2","6.9","6.6","3.7","7.4","7.8","8.3","8.7","7.6","7.4","9","11.9","10.8","11","12.7","18","11.2","11.5","14.2","14",
"Malaysia","MYS","Access to electricity (% of population)","EG.ELC.ACCS.ZS","98.6","98.7","98.7","98.7","98.8","98.9","99","99.3","99.5","99.5","99.8","99.6","99.7","99.9","99.9","100","100","100","100","100","100",
"North America","NAC","Access to electricity (% of population)","EG.ELC.ACCS.ZS","100","100","100","100","100","100","100","100","100","100","100","100","100","100","100","100","100","100","100","100","100",
"Namibia","NAM","Access to electricity (% of population)","EG.ELC.ACCS.ZS","36.9","37.8","38.7","39.6","40.5","43.7","42.4","44.1","44.4","42.3","46.4","47.4","48.4","51.6","49.7","52.5","52.3","53.3","52.3","55.2","56.2",
"New Caledonia","NCL","Access to electricity (% of population)","EG.ELC.ACCS.ZS","100","100","100","100","100","100","100","100","100","100","100","100","100","100","100","100","100","100","100","100","100",
"Niger","NER","Access to electricity (% of population)","EG.ELC.ACCS.ZS","8.8","9.3","9.7","7.1","9.3","11.2","11.8","12.3","13.6","14.3","14.4","15.2","15.7","16.6","17","17.6","17.6","18.5","18.7","18.6","19.5",
"Nigeria","NGA","Access to electricity (% of population)","EG.ELC.ACCS.ZS","44.6","52.2","46.1","46.8","47.6","50.1","50.3","50","48","55.9","53","55.6","54.2","52.5","59.3","54.4","56.5","55.4","55.4","59.5","60.5",
"Nicaragua","NIC","Access to electricity (% of population)","EG.ELC.ACCS.ZS","74.1","74.6","75.2","73.8","76.3","76.9","77.5","77.9","80.1","81.2","81.3","81.9","81.9","83.2","83.9","84.6","85.2","85.7","86","86.3","86.5",
"Netherlands","NLD","Access to electricity (% of population)","EG.ELC.ACCS.ZS","100","100","100","100","100","100","100","100","100","100","100","100","100","100","100","100","100","100","100","100","100",
"Norway","NOR","Access to electricity (% of population)","EG.ELC.ACCS.ZS","100","100","100","100","100","100","100","100","100","100","100","100","100","100","100","100","100","100","100","100","100",
"Nepal","NPL","Access to electricity (% of population)","EG.ELC.ACCS.ZS","36.4","39.6","37.2","46.1","51.2","52.6","56","59.3","68.6","67.3","75.2","77.4","84.9","82","90.7","86.6","93.9","89.9","89.9","89.9","91.3",
"Nauru","NRU","Access to electricity (% of population)","EG.ELC.ACCS.ZS","99","99","99","99","99","99.8","99.1","99.1","99.2","99","99.4","99.4","99.5","99","99.7","99.8","99.9","100","100","100","100",
"New Zealand","NZL","Access to electricity (% of population)","EG.ELC.ACCS.ZS","100","100","100","100","100","100","100","100","100","100","100","100","100","100","100","100","100","100","100","100","100",
"OECD members","OED","Access to electricity (% of population)","EG.ELC.ACCS.ZS","99.6034955899274","99.5827208408458","99.666228773057","99.7390734427573","99.7396526812623","99.6287855276073","99.7439647923726","99.6917727585993","99.8076262147082","99.7872116882094","99.8129467749549","99.8350316663745","99.8480258810507","99.8393577437036","99.8959370066929","99.9408590340957","99.8987734342049","99.9400729077204","99.9329803642114","100","100",
"Oman","OMN","Access to electricity (% of population)","EG.ELC.ACCS.ZS","100","100","100","99.9","99.9","100","100","100","100","100","100","100","100","100","100","100","100","100","100","100","100",
"Other small states","OSS","Access to electricity (% of population)","EG.ELC.ACCS.ZS","72.1259448622127","73.1695370111875","74.5260416028874","75.7984756834167","76.1827098373868","77.6573850936105","78.4662641033855","78.9212198624386","79.8432778556983","82.3763169043455","83.2159663044917","84.0687457795862","85.5436919645938","86.4520330481869","87.8544041310444","89.3280026877149","90.472453074168","91.8035513133262","92.8384985004429","93.8560728212472","93.9605317818207",
"Pakistan","PAK","Access to electricity (% of population)","EG.ELC.ACCS.ZS","74.9","76","77","78.1","79.1","80.2","81.4","82.5","87.1","87.8","88.6","89.3","90.1","91","91.8","92.7","93.4","93.9","94.5","94.9","95",
"Panama","PAN","Access to electricity (% of population)","EG.ELC.ACCS.ZS","82.1","87.8","83.4","84.1","84.8","85.5","86.3","87","86.9","88.6","89.3","89.1","90.8","91.6","92.4","93.7","93.8","93.9","95.3","95.3","95",
"Peru","PER","Access to electricity (% of population)","EG.ELC.ACCS.ZS","74.4","74.4","75.7","77.2","80.2","82","84.7","86.4","88.1","89.7","91.1","92.1","92.9","93.9","94.2","94.8","95.2","95.6","96.2","95.6","96.2",
"Philippines","PHL","Access to electricity (% of population)","EG.ELC.ACCS.ZS","76.7","76.6","87.6","79.8","80.2","82","83.3","84.3","85.5","87.2","87.1","87.5","89.8","89.1","92","93","94.2","95.3","96.4","97.5","94.8",
"Palau","PLW","Access to electricity (% of population)","EG.ELC.ACCS.ZS","98","98.1","98.1","98.9","98.3","98.4","98.5","98.6","98.8","98.9","97.6","99.2","99.8","99.5","100","100","100","100","100","100","100",
"Papua New Guinea","PNG","Access to electricity (% of population)","EG.ELC.ACCS.ZS","13.1","13.4","13.8","14.1","12.4","14.9","15.3","17.2","19.5","17.3","17.5","17.8","18.1","18.4","13.5","19.2","16.6","23.6","20.5","20.9","19",
"Poland","POL","Access to electricity (% of population)","EG.ELC.ACCS.ZS","100","99.9","99.9","99.8","99.8","99.8","99.8","100","100","100","100","100","100","100","100","100","100","100","100","100","100",
"Pre-demographic dividend","PRE","Access to electricity (% of population)","EG.ELC.ACCS.ZS","27.0118794606105","29.5031181521788","29.0143767372426","29.7529505923948","31.0199911874381","32.3531972155593","32.158342929062","32.2395611082164","32.7196037224137","36.1231407415373","37.5016010934048","38.4111244155347","39.8940402562397","40.1196686715573","44.6718700054727","44.3587801999364","47.1055374833379","47.5891649924098","48.3865766205334","50.5171178994713","51.1433191693417",
"Puerto Rico (US)","PRI","Access to electricity (% of population)","EG.ELC.ACCS.ZS","100","100","100","100","100","100","100","100","100","100","100","100","100","100","100","100","100","100","100","100","100",
"Korea, Dem. People's Rep.","PRK","Access to electricity (% of population)","EG.ELC.ACCS.ZS","","","","","","","","26","29.3","31.4","33.6","35.7","37.8","40","42.1","44.2","46.3","48.4","50.5","52.6","54.7",
"Portugal","PRT","Access to electricity (% of population)","EG.ELC.ACCS.ZS","100","100","100","100","100","100","100","100","100","100","100","100","100","100","100","100","100","100","100","100","100",
"Paraguay","PRY","Access to electricity (% of population)","EG.ELC.ACCS.ZS","91.7","92.6","93.2","94.7","96.7","96.5","96.7","96.9","97.4","98.2","97.8","99","99","99.3","98.4","99.3","99.6","99.7","99.7","100","100",
"West Bank and Gaza","PSE","Access to electricity (% of population)","EG.ELC.ACCS.ZS","99.2","99.1","99.5","99.6","99.7","98.8","99.8","99.9","99.9","99.7","99.8","99.9","99.9","99.9","100","99.9","100","100","100","100","100",
"Pacific island small states","PSS","Access to electricity (% of population)","EG.ELC.ACCS.ZS","58.333247934756","59.4337402008496","60.6186578451227","62.2414370499196","61.6671146830488","63.9376929353584","67.26129946415","64.8201897407066","71.7961252713048","72.8044582293327","73.8316460480866","72.6617984322668","76.5754031125716","78.5477895035505","79.9083422592839","82.1041734677982","82.69782730903","84.3434350882329","86.1939811336602","85.6708178235478","85.7923885063867",
"Post-demographic dividend","PST","Access to electricity (% of population)","EG.ELC.ACCS.ZS","99.7316007227745","99.7555451096394","99.7721994027259","99.8064210710187","99.8027859638569","99.8304977478949","99.8432655331659","99.8622101103662","99.8801524112079","99.8927586055928","99.9029465280479","99.9188837330364","99.9320556700364","99.944734188108","99.9577816688384","99.9711225773329","99.9821644449028","99.9932425348887","99.997240130312","99.9988344535565","100",
"French Polynesia","PYF","Access to electricity (% of population)","EG.ELC.ACCS.ZS","100","100","100","100","100","100","100","100","100","100","100","100","100","100","100","100","100","100","100","100","100",
"Qatar","QAT","Access to electricity (% of population)","EG.ELC.ACCS.ZS","100","100","100","100","100","100","100","100","100","100","100","100","100","100","100","100","100","100","100","100","100",
"Romania","ROU","Access to electricity (% of population)","EG.ELC.ACCS.ZS","94.9","95.1","95.3","95.6","95.9","96.1","96.5","96.8","97.1","97.4","97.8","98.1","98.4","98.8","99.1","100","99.8","100","100","100","100",
"Russian Federation","RUS","Access to electricity (% of population)","EG.ELC.ACCS.ZS","97.9","97.9","98","98","98.1","98.2","98.3","98.4","99.3","99.2","100","100","100","95.5","99.4","100","100","99.8","99.9","100","100",
"Rwanda","RWA","Access to electricity (% of population)","EG.ELC.ACCS.ZS","6","7.4","8.7","4.8","11.4","12.8","6","15.6","9.7","10.8","17.5","15.2","19.8","22.8","29.4","34.1","38","46.6","45.2","48.7","50.6",
"South Asia","SAS","Access to electricity (% of population)","EG.ELC.ACCS.ZS","59.4157839766721","62.3411030558805","61.4842830339197","65.8536460162923","65.9250452204119","69.284881859242","71.778258866002","72.9865860973521","74.0765736340237","77.3091651585732","78.4195444509049","80.8474532030691","82.8480224291431","86.5327784624672","88.3184480403398","91.3983728307397","94.8192024055978","95.4698953988653","96.4013617397441","99.3693129133951","99.0895114731934",
"Saudi Arabia","SAU","Access to electricity (% of population)","EG.ELC.ACCS.ZS","100","100","100","100","100","100","100","100","100","100","100","100","100","100","99.9","100","99.9","100","100","100","100",
"Sudan","SDN","Access to electricity (% of population)","EG.ELC.ACCS.ZS","29.7","29.9","30.2","30.5","30.8","31.1","20","29","36","38.3","40.7","43.1","44.9","48","50.5","53","55.3","57.6","59.7","61.8","63.2",
"Senegal","SEN","Access to electricity (% of population)","EG.ELC.ACCS.ZS","36.8","41.9","36.8","47.1","49.9","48.1","49.7","53.5","56.5","56.5","56.5","57","61","60.5","64.5","61.7","66","70.4","64.3","68","67.9",
"Singapore","SGP","Access to electricity (% of population)","EG.ELC.ACCS.ZS","100","100","100","100","100","100","100","100","100","100","100","100","100","100","100","100","100","100","100","100","100",
"Solomon Islands","SLB","Access to electricity (% of population)","EG.ELC.ACCS.ZS","10.5","13.4","16.3","19.2","14.4","12.9","28.1","21.2","35.4","39.1","42.9","44.7","50.5","55.1","58.2","62.9","65.8","69.4","72.9","76.3","76",
"Sierra Leone","SLE","Access to electricity (% of population)","EG.ELC.ACCS.ZS","9.2","9.9","16.8","11.3","12.2","13","12.1","14.6","11.5","14.2","17.2","13.5","18.8","19.7","20.3","23.4","26.1","22.7","26.3","27.5","29.4",
"El Salvador","SLV","Access to electricity (% of population)","EG.ELC.ACCS.ZS","87.5","87","87.4","87.5","89.2","91.1","91","91.1","91.6","92.6","93.7","95","95.1","95.4","96","96.8","97","97.4","99.7","97.9","100",
"San Marino","SMR","Access to electricity (% of population)","EG.ELC.ACCS.ZS","100","100","100","100","100","100","100","100","100","100","100","100","100","100","100","100","100","100","100","100","100",
"Somalia, Fed. Rep.","SOM","Access to electricity (% of population)","EG.ELC.ACCS.ZS","7.4","9.8","12.4","15","15.2","20.2","22.9","25.5","52.3","52","51.8","51.5","51.4","51.2","51.1","52.1","50.7","49.2","49.9","49.3","48.9",
"Serbia","SRB","Access to electricity (% of population)","EG.ELC.ACCS.ZS","100","99.7","99.6","99.7","99.6","99.6","99.6","99.6","99.7","99.7","99.8","99.9","99.7","99.9","99.9","100","100","99.8","100","100","100",
"Sub-Saharan Africa (excluding high income)","SSA","Access to electricity (% of population)","EG.ELC.ACCS.ZS","29.0627151756805","31.4003762022707","30.9658946882782","31.0879348122037","32.6279350503343","33.8820874113135","33.5654241279205","33.6235609112731","34.210425330409","37.3485816035099","37.6472467808928","38.8415744954024","39.6059458734454","40.343402663759","43.9294742312831","43.6966106335647","46.5941222062837","47.1016223972235","48.2508517332199","50.2501732333213","51.1489934048537",
"South Sudan","SSD","Access to electricity (% of population)","EG.ELC.ACCS.ZS","","","","","","0.8","1.3","3","1.5","2.8","3.3","3.8","4.3","4.8","5.3","4.2","6.3","6.8","7.3","7.7","8.4",
"Sub-Saharan Africa","SSF","Access to electricity (% of population)","EG.ELC.ACCS.ZS","27.3364835483685","29.5928962069565","29.3700290990252","29.3529629714108","31.2016431937493","32.517987745478","32.4033521062592","32.6264486462032","33.3352475874151","35.9008197096736","36.7762778723704","38.0320042025018","38.3544769303453","39.1996500160838","43.8301651403807","43.7628194566177","46.4166752425457","47.1974168154517","48.5450389491045","50.6566448640617","51.5873775845363",
"Small states","SST","Access to electricity (% of population)","EG.ELC.ACCS.ZS","74.9680247255988","75.7916539602274","76.8496925221964","77.6783676254051","78.1006771419422","79.5807349251648","80.5950689227549","80.4229826422579","82.199729744185","83.906240710336","84.8243310625176","85.2704808451355","86.7735637831097","87.6813928879402","88.8486713357501","90.1550278534803","90.9647335432231","92.0919222790738","93.1195945831784","93.7468179373385","93.8522236444989",
"Sao Tome and Principe","STP","Access to electricity (% of population)","EG.ELC.ACCS.ZS","52.5","53.6","54.7","55.8","56.9","58","59.1","56.9","61.4","62.6","57.9","65","68.6","67.3","69.4","74.3","71","75.1","76.8","78.5","78",
"Suriname","SUR","Access to electricity (% of population)","EG.ELC.ACCS.ZS","95.2","95.1","95","94.9","91","94.7","94.7","94.6","91.2","94.6","94.6","94.6","94.6","95","95.8","96.6","97.4","97.9","98.4","98.8","99",
"Slovak Republic","SVK","Access to electricity (% of population)","EG.ELC.ACCS.ZS","100","100","100","99.9","99.9","100","100","100","100","100","100","100","100","100","100","100","100","100","100","100","100",
"Slovenia","SVN","Access to electricity (% of population)","EG.ELC.ACCS.ZS","100","100","100","100","100","100","100","100","100","100","100","100","100","100","100","100","100","100","100","100","100",
"Sweden","SWE","Access to electricity (% of population)","EG.ELC.ACCS.ZS","100","100","100","100","100","100","100","100","100","100","100","100","100","100","100","100","100","100","100","100","100",
"Eswatini","SWZ","Access to electricity (% of population)","EG.ELC.ACCS.ZS","25.9","28.7","31.4","34.2","35.2","39.8","42.6","38.6","45.6","51.2","54.3","57.5","65","64.1","63.4","73.5","74","77","80","82.9","82.3",
"Sint Maarten (Dutch part)","SXM","Access to electricity (% of population)","EG.ELC.ACCS.ZS","99.9","99.8","99.8","99.7","99.7","99.7","99.7","99.7","100","100","100","100","100","100","100","100","100","100","100","100","100",
"Seychelles","SYC","Access to electricity (% of population)","EG.ELC.ACCS.ZS","96.1","94.9","95.2","95.5","99","96.1","96.5","96.8","97","98.1","98.3","98","100","100","100","100","100","100","100","100","100",
"Syrian Arab Republic","SYR","Access to electricity (% of population)","EG.ELC.ACCS.ZS","86.6","92.6","92.3","92","99.5","91.5","91.3","91.1","92.7","91.5","90.7","90.4","90.2","90","89.8","89.6","86","89.2","89","88.8","89",
"Turks and Caicos Islands","TCA","Access to electricity (% of population)","EG.ELC.ACCS.ZS","95.2","95.4","95.7","96","96.2","96.6","96.9","100","100","100","93.1","100","100","100","100","100","100","100","99.4","100","99.9",
"Chad","TCD","Access to electricity (% of population)","EG.ELC.ACCS.ZS","3.8","4.1","3.5","4.8","5.1","5.5","5.9","6.3","6.4","9","7.8","8.1","8.4","7.7","9.2","10.9","10.1","8.4","10.9","11.3","11.7",
"East Asia & Pacific (IDA & IBRD countries)","TEA","Access to electricity (% of population)","EG.ELC.ACCS.ZS","92.1533732164058","92.3781448783281","93.2661505857218","92.8453973742828","94.0415260035913","94.0514635510722","94.6719920462074","95.3078523738531","95.898601883303","96.4018892391827","96.5865908716016","96.8583126264425","97.0127423122849","97.3350470103173","97.4026392373466","98.1121893727336","98.0512297506321","98.2647901194399","98.1521712499121","98.5259377999818","98.5687468444318",
"Europe & Central Asia (IDA & IBRD countries)","TEC","Access to electricity (% of population)","EG.ELC.ACCS.ZS","98.4238273852713","98.438063287488","98.486641163599","98.5682871495581","98.6087161248617","98.7246906181739","98.8132200078566","98.9275231925627","99.3287049619028","99.3269244879235","99.6546988262118","99.6979186247842","99.7516540293463","98.3324439163919","99.6575037330456","99.9282177693472","99.9415619854207","99.9069773569945","99.9520989572979","99.9764037653791","99.995445995711",
"Togo","TGO","Access to electricity (% of population)","EG.ELC.ACCS.ZS","21.3","23","24.8","26.5","27.9","30","31.8","33.7","30.8","39.7","39.1","41","45.7","44.7","46.8","48","50","52.5","54.1","55.7","57.2",
"Thailand","THA","Access to electricity (% of population)","EG.ELC.ACCS.ZS","91","91.6","92.2","92.8","99.1","94.1","94.8","99","99.7","99.3","99.1","99.4","99.5","99.6","99.9","99.9","99.8","99.9","100","100","99.9",
"Tajikistan","TJK","Access to electricity (% of population)","EG.ELC.ACCS.ZS","99","100","98.5","99.3","98.6","98.6","98.6","99","98.8","98.9","99.1","99","99.1","98","99.3","99.3","99.3","99.4","99.5","99.6","100",
"Turkmenistan","TKM","Access to electricity (% of population)","EG.ELC.ACCS.ZS","99.6","99.6","99.5","99.5","99.8","99.6","99.6","99.7","100","99.8","99.9","99.9","100","100","100","100","100","99.9","100","100","100",
"Latin America & the Caribbean (IDA & IBRD countries)","TLA","Access to electricity (% of population)","EG.ELC.ACCS.ZS","92.5289426557733","92.5944126162123","93.0888207078371","93.3985919750135","94.1560638664242","94.3767313243229","95.1417588634308","95.3459322821858","95.8089207427823","96.1182240318495","96.5092457202988","96.8091782999087","97.0005516962811","97.2323920529293","97.4280893456675","97.6633402843345","97.7078847938323","97.9522021469941","98.106453253093","98.2338083621938","98.5448799242171",
"Timor-Leste","TLS","Access to electricity (% of population)","EG.ELC.ACCS.ZS","24.1","27.7","30.4","33.5","36.7","36.6","43.1","46.3","38","52.7","56","59.2","62.4","67.3","76.5","79.5","85.2","90.6","96","100","99.7",
"Middle East, North Africa, Afghanistan & Pakistan (IDA & IBRD)","TMN","Access to electricity (% of population)","EG.ELC.ACCS.ZS","82.3266033779687","83.3598460483781","83.7666973214964","84.8054610893122","86.6225518861902","86.0502685841007","87.0398617493712","87.72245737765","89.718636418982","89.9389892888994","91.0963754860192","92.4917628816356","93.4524577644192","92.7799106414588","94.6688585064836","95.5938136477709","94.4715748209862","95.6135456463624","95.8888561743117","96.0681260042218","95.4516981935493",
"Tonga","TON","Access to electricity (% of population)","EG.ELC.ACCS.ZS","87","87.6","88.3","89","92.3","90.5","91.2","92","92.8","92.2","92.8","95.1","95.9","100","97","98.2","99","98.4","99.9","100","100",
"South Asia (IDA & IBRD)","TSA","Access to electricity (% of population)","EG.ELC.ACCS.ZS","59.4157839766721","62.3411030558805","61.4842830339197","65.8536460162923","65.9250452204119","69.284881859242","71.778258866002","72.9865860973521","74.0765736340237","77.3091651585732","78.4195444509049","80.8474532030691","82.8480224291431","86.5327784624672","88.3184480403398","91.3983728307397","94.8192024055978","95.4698953988653","96.4013617397441","99.3693129133951","99.0895114731934",
"Sub-Saharan Africa (IDA & IBRD countries)","TSS","Access to electricity (% of population)","EG.ELC.ACCS.ZS","27.3364835483685","29.5928962069565","29.3700290990252","29.3529629714108","31.2016431937493","32.517987745478","32.4033521062592","32.6264486462032","33.3352475874151","35.9008197096736","36.7762778723704","38.0320042025018","38.3544769303453","39.1996500160838","43.8301651403807","43.7628194566177","46.4166752425457","47.1974168154517","48.5450389491045","50.6566448640617","51.5873775845363",
"Trinidad and Tobago","TTO","Access to electricity (% of population)","EG.ELC.ACCS.ZS","96.5","96.7","96.8","95","100","100","100","99","100","97.5","100","100","100","100","100","100","100","100","100","100","100",
"Tunisia","TUN","Access to electricity (% of population)","EG.ELC.ACCS.ZS","97.8","98.4","99","99.2","99.4","99.4","99.4","99.5","99.5","99.5","99.5","99.7","99.8","99.9","100","100","99.8","100","99.9","99.9","100",
"Turkiye","TUR","Access to electricity (% of population)","EG.ELC.ACCS.ZS","99.8","99.8","99.7","99.7","99.7","99.7","99.7","99.7","100","100","100","100","100","100","100","100","100","100","100","100","100",
"Tuvalu","TUV","Access to electricity (% of population)","EG.ELC.ACCS.ZS","94.6","95.1","95.3","95.5","95.7","96.7","96.2","96.5","96.7","97","97.7","97.6","97.9","98.1","97.3","98.7","99","99.7","99.4","99.7","100",
"Tanzania","TZA","Access to electricity (% of population)","EG.ELC.ACCS.ZS","10.7","11.1","11.4","13.8","14.9","15.9","11.5","11.2","14.8","14.2","15.3","16.4","23.5","26.2","32.8","32.1","34.9","37.7","39.9","42.7","45.8",
"Uganda","UGA","Access to electricity (% of population)","EG.ELC.ACCS.ZS","7.8","10.5","11.6","8.9","9","14.8","15.9","10","12.1","14.6","20.5","13.9","20.4","18.5","26.7","32.4","41.9","41.3","42.1","45.2","47.1",
"Ukraine","UKR","Access to electricity (% of population)","EG.ELC.ACCS.ZS","99.3","99.3","99.4","99.9","99.5","99.8","99.8","99.9","100","100","99.9","100","100","100","100","100","100","100","100","100","100",
"Upper middle income","UMC","Access to electricity (% of population)","EG.ELC.ACCS.ZS","95.2999666524644","95.5085423335644","95.8757221291524","95.7242684970584","96.6830833993331","96.8312352259995","97.3006939075634","97.7115595192027","98.2012683195219","98.4156997389488","98.6508047043857","98.8164296413875","98.9185357664447","98.998406830244","99.0345538881803","99.1608878929728","99.1796858825515","99.2772018186763","99.2176638809676","99.4357023129572","99.5089289382316",
"Uruguay","URY","Access to electricity (% of population)","EG.ELC.ACCS.ZS","97.8","97.9","98","98","98.5","98.7","98.8","99.1","99.3","99.2","99.6","99.6","99.7","99.7","99.7","99.8","99.8","99.9","100","100","100",
"United States","USA","Access to electricity (% of population)","EG.ELC.ACCS.ZS","100","100","100","100","100","100","100","100","100","100","100","100","100","100","100","100","100","100","100","100","100",
"Uzbekistan","UZB","Access to electricity (% of population)","EG.ELC.ACCS.ZS","99.7","99.5","99.5","99.4","99.5","99.5","99.5","99.5","99.6","99.7","99.7","99.8","99.8","99.9","99.9","100","100","100","100","99.9","100",
"St. Vincent and the Grenadines","VCT","Access to electricity (% of population)","EG.ELC.ACCS.ZS","82.4","83.7","84.9","86.2","87.5","88.8","90.1","91.4","92.7","94.1","95.4","96.8","98.1","99.4","99.7","100","100","100","100","100","100",
"Venezuela, RB","VEN","Access to electricity (% of population)","EG.ELC.ACCS.ZS","99.8","95.7","99.1","98.8","99.3","98.9","98.9","99","99.1","98.8","99.3","99.4","100","100","99.4","99.2","99.9","99.8","99.9","100","100",
"British Virgin Islands","VGB","Access to electricity (% of population)","EG.ELC.ACCS.ZS","97.3","97.4","97.5","97.6","97.8","97.9","98.1","98.3","98.3","98.7","98.9","99.1","99.2","100","100","100","100","100","100","100","100",
"Virgin Islands (U.S.)","VIR","Access to electricity (% of population)","EG.ELC.ACCS.ZS","100","100","100","100","100","100","100","100","100","100","100","100","100","100","100","100","100","100","100","100","100",
"Viet Nam","VNM","Access to electricity (% of population)","EG.ELC.ACCS.ZS","89.1","90.3","91","96.1","96","93.1","93.8","96.1","97.4","99","97.9","98.5","99.2","99.3","99.2","100","100","99.4","99.8","100","100",
"Vanuatu","VUT","Access to electricity (% of population)","EG.ELC.ACCS.ZS","25.7","27.5","29.2","31","26.4","33.6","36.5","33.3","44.1","42","43.9","31.7","49.1","52.3","57.8","62.8","61.6","64.5","67.3","70","71.6",
"World","WLD","Access to electricity (% of population)","EG.ELC.ACCS.ZS","79.1007987332702","79.9649010273987","79.9521476684051","80.7013310816536","81.3534633010675","81.9711576658049","82.6681723773023","82.8658227064747","83.4471382973513","84.5062333878765","84.9363734839566","85.7108410210463","86.1958012620982","86.9242629695724","88.1047725764967","88.9320882686088","89.797731809362","90.108768771248","90.3960882790908","91.3346473455962","91.2892451043255",
"Samoa","WSM","Access to electricity (% of population)","EG.ELC.ACCS.ZS","89.3","89.9","90.5","91.1","96.4","92.5","98.1","97.9","96.4","96.7","96.8","97","97.9","98.2","98.9","96.8","99.8","99.2","100","98.3","98.3",
"Kosovo","XKX","Access to electricity (% of population)","EG.ELC.ACCS.ZS","","","","","","","","","","","","","","","","","","","","","",
"Yemen, Rep.","YEM","Access to electricity (% of population)","EG.ELC.ACCS.ZS","51.5","52.6","49.6","54.8","55.8","57.2","58.4","59.6","60.8","62","52.4","75.6","66.1","67.4","68.9","79.2","62","72.8","73.9","74.9","76",
"South Africa","ZAF","Access to electricity (% of population)","EG.ELC.ACCS.ZS","76.7","78.8","80.6","80.8","80.7","82","81.9","82.6","82.8","83.6","85.2","85.2","85.9","85.3","83.9","84.4","84.7","85","90","89.3","86.5",
"Zambia","ZMB","Access to electricity (% of population)","EG.ELC.ACCS.ZS","17.4","18.5","20.3","23.3","24.1","18.5","25.7","26.6","22","28.3","29.2","30.1","27.9","31.1","35.4","40.3","40.2","43","44.6","46.7","47.8",
"Zimbabwe","ZWE","Access to electricity (% of population)","EG.ELC.ACCS.ZS","34.2","35.1","35.6","36.1","37.2","37.2","37.7","43.4","38.9","36.9","44","40.6","32.3","33.7","42.5","44","45.4","46.7","52.7","49","50.1",
